id,reason
7323.0,address_missing
7467.0,address_missing
1412.0,not_available
1881.0,not_available
4024.0,not_available
4166.0,not_available
4424.0,not_available
4426.0,not_available
4470.0,not_available
4606.0,not_available
4628.0,not_available
5075.0,not_available
5957.0,not_available
7289.0,not_available
7413.0,not_available
8479.0,not_available
8480.0,not_available
8482.0,not_available
9171.0,not_available
9172.0,not_available
10112.0,not_available
10282.0,not_available
10643.0,not_available
11095.0,not_available
11109.0,not_available
11252.0,not_available
11758.0,not_available
11759.0,not_available
11760.0,not_available
11761.0,not_available
11776.0,not_available
11778.0,not_available
11788.0,not_available
11790.0,not_available
11791.0,not_available
11792.0,not_available
11799.0,not_available
11800.0,not_available
11807.0,not_available
11814.0,not_available
11821.0,not_available
11822.0,not_available
11823.0,not_available
11827.0,not_available
11832.0,not_available
11833.0,not_available
11845.0,not_available
11882.0,not_available
11883.0,not_available
11884.0,not_available
11885.0,not_available
11886.0,not_available
11887.0,not_available
11888.0,not_available
11894.0,not_available
11895.0,not_available
11909.0,not_available
11924.0,not_available
11943.0,not_available
11946.0,not_available
12009.0,not_available
12015.0,not_available
12054.0,not_available
12058.0,not_available
12059.0,not_available
12060.0,not_available
12061.0,not_available
12062.0,not_available
12071.0,not_available
12082.0,not_available
12090.0,not_available
12099.0,not_available
12100.0,not_available
12101.0,not_available
12102.0,not_available
12105.0,not_available
12232.0,not_available
12234.0,not_available
12260.0,not_available
12287.0,not_available
12309.0,not_available
12314.0,not_available
12315.0,not_available
12316.0,not_available
12317.0,not_available
12320.0,not_available
12327.0,not_available
12328.0,not_available
12329.0,not_available
12335.0,not_available
12336.0,not_available
12337.0,not_available
12338.0,not_available
12339.0,not_available
12340.0,not_available
12341.0,not_available
12342.0,not_available
12343.0,not_available
12344.0,not_available
12345.0,not_available
12346.0,not_available
12347.0,not_available
12348.0,not_available
12349.0,not_available
12350.0,not_available
12351.0,not_available
12352.0,not_available
12353.0,not_available
12354.0,not_available
12355.0,not_available
12356.0,not_available
12357.0,not_available
12358.0,not_available
12359.0,not_available
12360.0,not_available
12361.0,not_available
12362.0,not_available
12363.0,not_available
12364.0,not_available
12365.0,not_available
12366.0,not_available
12367.0,not_available
12368.0,not_available
12369.0,not_available
12370.0,not_available
12371.0,not_available
12372.0,not_available
12373.0,not_available
12374.0,not_available
12375.0,not_available
12376.0,not_available
12377.0,not_available
12378.0,not_available
12379.0,not_available
12380.0,not_available
12381.0,not_available
12382.0,not_available
12383.0,not_available
12384.0,not_available
12385.0,not_available
12386.0,not_available
12387.0,not_available
12393.0,not_available
12398.0,not_available
12417.0,not_available
12458.0,not_available
12460.0,not_available
12461.0,not_available
12476.0,not_available
12477.0,not_available
12478.0,not_available
12479.0,not_available
12480.0,not_available
12481.0,not_available
12482.0,not_available
12483.0,not_available
12484.0,not_available
12508.0,not_available
12532.0,not_available
12537.0,not_available
12539.0,not_available
12560.0,not_available
12564.0,not_available
12567.0,not_available
12569.0,not_available
12572.0,not_available
12573.0,not_available
12583.0,not_available
12591.0,not_available
12592.0,not_available
12593.0,not_available
12594.0,not_available
12605.0,not_available
12609.0,not_available
12610.0,not_available
12613.0,not_available
12640.0,not_available
12646.0,not_available
12647.0,not_available
12648.0,not_available
12649.0,not_available
12650.0,not_available
12651.0,not_available
12653.0,not_available
12654.0,not_available
12655.0,not_available
12657.0,not_available
12658.0,not_available
12660.0,not_available
12661.0,not_available
12662.0,not_available
12663.0,not_available
12664.0,not_available
12665.0,not_available
12666.0,not_available
12667.0,not_available
12670.0,not_available
12672.0,not_available
12673.0,not_available
12674.0,not_available
12680.0,not_available
12709.0,not_available
12715.0,not_available
12716.0,not_available
12717.0,not_available
12718.0,not_available
12719.0,not_available
12720.0,not_available
12721.0,not_available
12722.0,not_available
12723.0,not_available
12733.0,not_available
12734.0,not_available
12735.0,not_available
12737.0,not_available
12742.0,not_available
12743.0,not_available
12744.0,not_available
12745.0,not_available
12746.0,not_available
12747.0,not_available
12748.0,not_available
12749.0,not_available
12750.0,not_available
12757.0,not_available
12758.0,not_available
12769.0,not_available
12770.0,not_available
12771.0,not_available
12772.0,not_available
12773.0,not_available
12774.0,not_available
12775.0,not_available
12776.0,not_available
12777.0,not_available
12778.0,not_available
12780.0,not_available
12784.0,not_available
12786.0,not_available
12787.0,not_available
12788.0,not_available
12789.0,not_available
12795.0,not_available
12797.0,not_available
12797.0,not_available
12798.0,not_available
12799.0,not_available
12800.0,not_available
12821.0,not_available
12822.0,not_available
12823.0,not_available
12824.0,not_available
12825.0,not_available
12826.0,not_available
12827.0,not_available
12829.0,not_available
12836.0,not_available
12837.0,not_available
12840.0,not_available
12841.0,not_available
12842.0,not_available
12844.0,not_available
12847.0,not_available
12849.0,not_available
12850.0,not_available
12853.0,not_available
12854.0,not_available
12873.0,not_available
12874.0,not_available
12876.0,not_available
12877.0,not_available
12878.0,not_available
12883.0,not_available
12884.0,not_available
12885.0,not_available
12886.0,not_available
12887.0,not_available
12888.0,not_available
12889.0,not_available
12890.0,not_available
12891.0,not_available
12892.0,not_available
12895.0,not_available
12896.0,not_available
12897.0,not_available
12898.0,not_available
12900.0,not_available
12901.0,not_available
12902.0,not_available
12904.0,not_available
12910.0,not_available
12911.0,not_available
12912.0,not_available
12913.0,not_available
12914.0,not_available
12915.0,not_available
12916.0,not_available
12917.0,not_available
12918.0,not_available
12919.0,not_available
12920.0,not_available
12921.0,not_available
12922.0,not_available
12923.0,not_available
12925.0,not_available
12926.0,not_available
12927.0,not_available
12928.0,not_available
12929.0,not_available
12930.0,not_available
12931.0,not_available
12932.0,not_available
12933.0,not_available
12934.0,not_available
12935.0,not_available
12936.0,not_available
12937.0,not_available
12938.0,not_available
12939.0,not_available
12940.0,not_available
12971.0,not_available
12995.0,not_available
13004.0,not_available
13008.0,not_available
13009.0,not_available
13010.0,not_available
13014.0,not_available
13018.0,not_available
13019.0,not_available
13020.0,not_available
13051.0,not_available
13061.0,not_available
13065.0,not_available
13069.0,not_available
13099.0,not_available
13105.0,not_available
13127.0,not_available
13132.0,not_available
13133.0,not_available
13151.0,not_available
13161.0,not_available
13166.0,not_available
13167.0,not_available
13168.0,not_available
13169.0,not_available
13170.0,not_available
13174.0,not_available
13183.0,not_available
13216.0,not_available
13230.0,not_available
13238.0,not_available
13241.0,not_available
13248.0,not_available
13253.0,not_available
13267.0,not_available
13328.0,not_available
13338.0,not_available
13339.0,not_available
13340.0,not_available
13341.0,not_available
13342.0,not_available
13343.0,not_available
13344.0,not_available
13345.0,not_available
13354.0,not_available
13357.0,not_available
13359.0,not_available
13362.0,not_available
13364.0,not_available
13379.0,not_available
13381.0,not_available
13383.0,not_available
13404.0,not_available
13407.0,not_available
13408.0,not_available
13409.0,not_available
13410.0,not_available
13469.0,not_available
13491.0,not_available
13492.0,not_available
13494.0,not_available
13496.0,not_available
13498.0,not_available
13499.0,not_available
13500.0,not_available
13509.0,not_available
13513.0,not_available
13533.0,not_available
13534.0,not_available
13555.0,not_available
13556.0,not_available
13562.0,not_available
13570.0,not_available
13588.0,not_available
13612.0,not_available
13616.0,not_available
13618.0,not_available
13619.0,not_available
13629.0,not_available
13636.0,not_available
13637.0,not_available
13638.0,not_available
13653.0,not_available
13659.0,not_available
13663.0,not_available
13668.0,not_available
13699.0,not_available
13700.0,not_available
13702.0,not_available
13729.0,not_available
13730.0,not_available
13731.0,not_available
13732.0,not_available
13733.0,not_available
13738.0,not_available
13739.0,not_available
13740.0,not_available
13747.0,not_available
13749.0,not_available
13752.0,not_available
13754.0,not_available
13755.0,not_available
13764.0,not_available
13778.0,not_available
13784.0,not_available
13785.0,not_available
13786.0,not_available
13797.0,not_available
13801.0,not_available
13802.0,not_available
13803.0,not_available
13804.0,not_available
13805.0,not_available
13806.0,not_available
13810.0,not_available
13817.0,not_available
13818.0,not_available
13826.0,not_available
13833.0,not_available
13870.0,not_available
13875.0,not_available
13887.0,not_available
13888.0,not_available
13891.0,not_available
13899.0,not_available
13901.0,not_available
13902.0,not_available
13910.0,not_available
13939.0,not_available
13940.0,not_available
13944.0,not_available
13950.0,not_available
13951.0,not_available
13983.0,not_available
13984.0,not_available
14003.0,not_available
14017.0,not_available
14018.0,not_available
14039.0,not_available
14076.0,not_available
14090.0,not_available
14091.0,not_available
14092.0,not_available
14093.0,not_available
14094.0,not_available
14095.0,not_available
14096.0,not_available
14097.0,not_available
14098.0,not_available
14099.0,not_available
14100.0,not_available
14102.0,not_available
14116.0,not_available
14117.0,not_available
14123.0,not_available
14124.0,not_available
14158.0,not_available
14159.0,not_available
14160.0,not_available
14162.0,not_available
14165.0,not_available
14166.0,not_available
14167.0,not_available
14206.0,not_available
14207.0,not_available
14208.0,not_available
14209.0,not_available
14210.0,not_available
14211.0,not_available
14212.0,not_available
14213.0,not_available
14214.0,not_available
14215.0,not_available
14216.0,not_available
14218.0,not_available
14219.0,not_available
14221.0,not_available
14223.0,not_available
14224.0,not_available
14226.0,not_available
14227.0,not_available
14228.0,not_available
14229.0,not_available
14249.0,not_available
14253.0,not_available
14254.0,not_available
14255.0,not_available
14256.0,not_available
14257.0,not_available
14258.0,not_available
14261.0,not_available
14266.0,not_available
14267.0,not_available
14268.0,not_available
14272.0,not_available
14273.0,not_available
14274.0,not_available
14302.0,not_available
14303.0,not_available
14317.0,not_available
14321.0,not_available
14341.0,not_available
14344.0,not_available
14355.0,not_available
14359.0,not_available
14363.0,not_available
14370.0,not_available
14378.0,not_available
14379.0,not_available
14388.0,not_available
14389.0,not_available
14391.0,not_available
14392.0,not_available
14394.0,not_available
14399.0,not_available
14400.0,not_available
14403.0,not_available
14410.0,not_available
14414.0,not_available
14415.0,not_available
14418.0,not_available
14419.0,not_available
14421.0,not_available
14425.0,not_available
14437.0,not_available
14443.0,not_available
14452.0,not_available
14458.0,not_available
14459.0,not_available
14460.0,not_available
14500.0,not_available
14523.0,not_available
14529.0,not_available
14532.0,not_available
14533.0,not_available
14537.0,not_available
14545.0,not_available
14547.0,not_available
14549.0,not_available
14551.0,not_available
14552.0,not_available
14553.0,not_available
14590.0,not_available
14612.0,not_available
14618.0,not_available
14619.0,not_available
14624.0,not_available
14653.0,not_available
14658.0,not_available
14659.0,not_available
14660.0,not_available
14661.0,not_available
14675.0,not_available
14679.0,not_available
14680.0,not_available
14681.0,not_available
14711.0,not_available
14713.0,not_available
14738.0,not_available
14743.0,not_available
14785.0,not_available
14855.0,not_available
14897.0,not_available
14901.0,not_available
14912.0,not_available
14913.0,not_available
14914.0,not_available
14934.0,not_available
14940.0,not_available
14941.0,not_available
14948.0,not_available
14951.0,not_available
14904.0,not_available
14905.0,not_available
14906.0,not_available
14911.0,not_available
14972.0,not_available
14986.0,not_available
14988.0,not_available
14989.0,not_available
14996.0,not_available
15022.0,not_available
15029.0,not_available
15030.0,not_available
15031.0,not_available
15038.0,not_available
15039.0,not_available
15040.0,not_available
15041.0,not_available
15042.0,not_available
15043.0,not_available
15049.0,not_available
15052.0,not_available
15058.0,not_available
15061.0,not_available
15094.0,not_available
15132.0,not_available
15133.0,not_available
15134.0,not_available
15145.0,not_available
15146.0,not_available
15147.0,not_available
15211.0,not_available
10895.0,not_available
15349.0,not_available
14692.0,not_available
15455.0,not_available
15456.0,not_available
15457.0,not_available
15461.0,not_available
15462.0,not_available
15463.0,not_available
15467.0,not_available
15478.0,not_available
15483.0,not_available
15484.0,not_available
15490.0,not_available
15510.0,not_available
15517.0,not_available
15518.0,not_available
15529.0,not_available
15532.0,not_available
15545.0,not_available
15547.0,not_available
15550.0,not_available
15552.0,not_available
15561.0,not_available
15562.0,not_available
15563.0,not_available
15564.0,not_available
15565.0,not_available
15566.0,not_available
15570.0,not_available
15572.0,not_available
15574.0,not_available
15581.0,not_available
15603.0,not_available
15612.0,not_available
15628.0,not_available
15629.0,not_available
15630.0,not_available
15631.0,not_available
15705.0,not_available
15707.0,not_available
15714.0,not_available
12505.0,not_available
15452.0,not_available
15851.0,not_available
15877.0,not_available
15899.0,not_available
15912.0,not_available
15913.0,not_available
10902.0,not_available
15867.0,not_available
4195.0,not_available
6114.0,not_available
6115.0,not_available
6116.0,not_available
15921.0,not_available
15924.0,not_available
15936.0,not_available
15937.0,not_available
15938.0,not_available
15941.0,not_available
879.0,not_available
15946.0,not_available
9085.0,not_available
16106.0,not_available
16176.0,not_available
16182.0,not_available
16183.0,not_available
16185.0,not_available
16188.0,not_available
16189.0,not_available
10547.0,not_available
10548.0,not_available
10549.0,not_available
16209.0,not_available
16264.0,not_available
16267.0,not_available
16268.0,not_available
16270.0,not_available
16272.0,not_available
16325.0,not_available
16327.0,not_available
16333.0,not_available
16335.0,not_available
16336.0,not_available
16345.0,not_available
16354.0,not_available
16358.0,not_available
16359.0,not_available
16363.0,not_available
16368.0,not_available
16369.0,not_available
16376.0,not_available
16378.0,not_available
16379.0,not_available
16386.0,not_available
16388.0,not_available
16389.0,not_available
16415.0,not_available
16430.0,not_available
16434.0,not_available
16439.0,not_available
16479.0,not_available
16480.0,not_available
9518.0,not_available
9517.0,not_available
16506.0,not_available
16521.0,not_available
16525.0,not_available
16540.0,not_available
16560.0,not_available
10448.0,not_available
16596.0,not_available
16599.0,not_available
16611.0,not_available
16617.0,not_available
16624.0,not_available
3256.0,not_available
16629.0,not_available
16632.0,not_available
16638.0,not_available
16644.0,not_available
16645.0,not_available
16650.0,not_available
13572.0,not_available
16651.0,not_available
16662.0,not_available
16668.0,not_available
13.0,missing_coordinates
70.0,missing_coordinates
75.0,missing_coordinates
77.0,missing_coordinates
97.0,missing_coordinates
98.0,missing_coordinates
111.0,missing_coordinates
167.0,missing_coordinates
218.0,missing_coordinates
221.0,missing_coordinates
226.0,missing_coordinates
227.0,missing_coordinates
234.0,missing_coordinates
235.0,missing_coordinates
239.0,missing_coordinates
259.0,missing_coordinates
349.0,missing_coordinates
354.0,missing_coordinates
356.0,missing_coordinates
369.0,missing_coordinates
372.0,missing_coordinates
373.0,missing_coordinates
376.0,missing_coordinates
380.0,missing_coordinates
396.0,missing_coordinates
403.0,missing_coordinates
407.0,missing_coordinates
421.0,missing_coordinates
422.0,missing_coordinates
423.0,missing_coordinates
424.0,missing_coordinates
425.0,missing_coordinates
434.0,missing_coordinates
451.0,missing_coordinates
457.0,missing_coordinates
469.0,missing_coordinates
476.0,missing_coordinates
477.0,missing_coordinates
478.0,missing_coordinates
491.0,missing_coordinates
493.0,missing_coordinates
494.0,missing_coordinates
495.0,missing_coordinates
496.0,missing_coordinates
507.0,missing_coordinates
510.0,missing_coordinates
518.0,missing_coordinates
525.0,missing_coordinates
531.0,missing_coordinates
535.0,missing_coordinates
539.0,missing_coordinates
542.0,missing_coordinates
564.0,missing_coordinates
569.0,missing_coordinates
571.0,missing_coordinates
580.0,missing_coordinates
583.0,missing_coordinates
594.0,missing_coordinates
609.0,missing_coordinates
627.0,missing_coordinates
747.0,missing_coordinates
748.0,missing_coordinates
762.0,missing_coordinates
778.0,missing_coordinates
792.0,missing_coordinates
798.0,missing_coordinates
805.0,missing_coordinates
815.0,missing_coordinates
828.0,missing_coordinates
829.0,missing_coordinates
843.0,missing_coordinates
844.0,missing_coordinates
848.0,missing_coordinates
866.0,missing_coordinates
869.0,missing_coordinates
875.0,missing_coordinates
876.0,missing_coordinates
882.0,missing_coordinates
886.0,missing_coordinates
891.0,missing_coordinates
896.0,missing_coordinates
898.0,missing_coordinates
961.0,missing_coordinates
986.0,missing_coordinates
1009.0,missing_coordinates
1022.0,missing_coordinates
1023.0,missing_coordinates
1026.0,missing_coordinates
1038.0,missing_coordinates
1040.0,missing_coordinates
1044.0,missing_coordinates
1047.0,missing_coordinates
1065.0,missing_coordinates
1082.0,missing_coordinates
1087.0,missing_coordinates
1102.0,missing_coordinates
1109.0,missing_coordinates
1110.0,missing_coordinates
1111.0,missing_coordinates
1124.0,missing_coordinates
1125.0,missing_coordinates
1147.0,missing_coordinates
1149.0,missing_coordinates
1155.0,missing_coordinates
1156.0,missing_coordinates
1171.0,missing_coordinates
1173.0,missing_coordinates
1183.0,missing_coordinates
1197.0,missing_coordinates
1198.0,missing_coordinates
1203.0,missing_coordinates
1206.0,missing_coordinates
1212.0,missing_coordinates
1216.0,missing_coordinates
1223.0,missing_coordinates
1237.0,missing_coordinates
1249.0,missing_coordinates
1254.0,missing_coordinates
1255.0,missing_coordinates
1256.0,missing_coordinates
1267.0,missing_coordinates
1275.0,missing_coordinates
1276.0,missing_coordinates
1282.0,missing_coordinates
1303.0,missing_coordinates
1304.0,missing_coordinates
1305.0,missing_coordinates
1315.0,missing_coordinates
1316.0,missing_coordinates
1338.0,missing_coordinates
1339.0,missing_coordinates
1360.0,missing_coordinates
1362.0,missing_coordinates
1372.0,missing_coordinates
1397.0,missing_coordinates
1404.0,missing_coordinates
1406.0,missing_coordinates
1408.0,missing_coordinates
1413.0,missing_coordinates
1439.0,missing_coordinates
1446.0,missing_coordinates
1449.0,missing_coordinates
1450.0,missing_coordinates
1457.0,missing_coordinates
1465.0,missing_coordinates
1472.0,missing_coordinates
1473.0,missing_coordinates
1480.0,missing_coordinates
1487.0,missing_coordinates
1495.0,missing_coordinates
1497.0,missing_coordinates
1500.0,missing_coordinates
1509.0,missing_coordinates
1530.0,missing_coordinates
1542.0,missing_coordinates
1548.0,missing_coordinates
1570.0,missing_coordinates
1574.0,missing_coordinates
1575.0,missing_coordinates
1581.0,missing_coordinates
1582.0,missing_coordinates
1584.0,missing_coordinates
1585.0,missing_coordinates
1586.0,missing_coordinates
1592.0,missing_coordinates
1593.0,missing_coordinates
1594.0,missing_coordinates
1595.0,missing_coordinates
1609.0,missing_coordinates
1620.0,missing_coordinates
1623.0,missing_coordinates
1629.0,missing_coordinates
1632.0,missing_coordinates
1635.0,missing_coordinates
1636.0,missing_coordinates
1638.0,missing_coordinates
1639.0,missing_coordinates
1640.0,missing_coordinates
1642.0,missing_coordinates
1643.0,missing_coordinates
1651.0,missing_coordinates
1664.0,missing_coordinates
1684.0,missing_coordinates
1691.0,missing_coordinates
1692.0,missing_coordinates
1696.0,missing_coordinates
1704.0,missing_coordinates
1705.0,missing_coordinates
1707.0,missing_coordinates
1717.0,missing_coordinates
1718.0,missing_coordinates
1725.0,missing_coordinates
1740.0,missing_coordinates
1755.0,missing_coordinates
1760.0,missing_coordinates
1761.0,missing_coordinates
1769.0,missing_coordinates
1770.0,missing_coordinates
1771.0,missing_coordinates
1775.0,missing_coordinates
1777.0,missing_coordinates
1782.0,missing_coordinates
1786.0,missing_coordinates
1789.0,missing_coordinates
1813.0,missing_coordinates
1834.0,missing_coordinates
1873.0,missing_coordinates
1875.0,missing_coordinates
1906.0,missing_coordinates
1919.0,missing_coordinates
1923.0,missing_coordinates
1930.0,missing_coordinates
1931.0,missing_coordinates
1938.0,missing_coordinates
1942.0,missing_coordinates
1948.0,missing_coordinates
1951.0,missing_coordinates
1958.0,missing_coordinates
1966.0,missing_coordinates
1977.0,missing_coordinates
1978.0,missing_coordinates
1980.0,missing_coordinates
1981.0,missing_coordinates
1982.0,missing_coordinates
1983.0,missing_coordinates
1984.0,missing_coordinates
1987.0,missing_coordinates
1989.0,missing_coordinates
1990.0,missing_coordinates
1992.0,missing_coordinates
1996.0,missing_coordinates
1998.0,missing_coordinates
1999.0,missing_coordinates
2001.0,missing_coordinates
2002.0,missing_coordinates
2006.0,missing_coordinates
2007.0,missing_coordinates
2008.0,missing_coordinates
2010.0,missing_coordinates
2031.0,missing_coordinates
2062.0,missing_coordinates
2069.0,missing_coordinates
2070.0,missing_coordinates
2071.0,missing_coordinates
2074.0,missing_coordinates
2092.0,missing_coordinates
2097.0,missing_coordinates
2098.0,missing_coordinates
2099.0,missing_coordinates
2100.0,missing_coordinates
2108.0,missing_coordinates
2133.0,missing_coordinates
2147.0,missing_coordinates
2157.0,missing_coordinates
2158.0,missing_coordinates
2173.0,missing_coordinates
2178.0,missing_coordinates
2180.0,missing_coordinates
2188.0,missing_coordinates
2190.0,missing_coordinates
2196.0,missing_coordinates
2197.0,missing_coordinates
2201.0,missing_coordinates
2214.0,missing_coordinates
2218.0,missing_coordinates
2257.0,missing_coordinates
2259.0,missing_coordinates
2261.0,missing_coordinates
2264.0,missing_coordinates
2265.0,missing_coordinates
2266.0,missing_coordinates
2271.0,missing_coordinates
2272.0,missing_coordinates
2278.0,missing_coordinates
2279.0,missing_coordinates
2281.0,missing_coordinates
2283.0,missing_coordinates
2286.0,missing_coordinates
2294.0,missing_coordinates
2301.0,missing_coordinates
2304.0,missing_coordinates
2305.0,missing_coordinates
2307.0,missing_coordinates
2309.0,missing_coordinates
2318.0,missing_coordinates
2325.0,missing_coordinates
2326.0,missing_coordinates
2330.0,missing_coordinates
2334.0,missing_coordinates
2350.0,missing_coordinates
2354.0,missing_coordinates
2355.0,missing_coordinates
2358.0,missing_coordinates
2362.0,missing_coordinates
2363.0,missing_coordinates
2365.0,missing_coordinates
2368.0,missing_coordinates
2370.0,missing_coordinates
2374.0,missing_coordinates
2375.0,missing_coordinates
2378.0,missing_coordinates
2380.0,missing_coordinates
2381.0,missing_coordinates
2383.0,missing_coordinates
2384.0,missing_coordinates
2385.0,missing_coordinates
2386.0,missing_coordinates
2387.0,missing_coordinates
2388.0,missing_coordinates
2389.0,missing_coordinates
2390.0,missing_coordinates
2396.0,missing_coordinates
2397.0,missing_coordinates
2402.0,missing_coordinates
2410.0,missing_coordinates
2417.0,missing_coordinates
2424.0,missing_coordinates
2428.0,missing_coordinates
2429.0,missing_coordinates
2433.0,missing_coordinates
2441.0,missing_coordinates
2444.0,missing_coordinates
2446.0,missing_coordinates
2447.0,missing_coordinates
2448.0,missing_coordinates
2451.0,missing_coordinates
2460.0,missing_coordinates
2464.0,missing_coordinates
2468.0,missing_coordinates
2470.0,missing_coordinates
2477.0,missing_coordinates
2479.0,missing_coordinates
2480.0,missing_coordinates
2481.0,missing_coordinates
2482.0,missing_coordinates
2483.0,missing_coordinates
2485.0,missing_coordinates
2487.0,missing_coordinates
2491.0,missing_coordinates
2493.0,missing_coordinates
2498.0,missing_coordinates
2501.0,missing_coordinates
2503.0,missing_coordinates
2512.0,missing_coordinates
2513.0,missing_coordinates
2516.0,missing_coordinates
2523.0,missing_coordinates
2524.0,missing_coordinates
2525.0,missing_coordinates
2528.0,missing_coordinates
2536.0,missing_coordinates
2541.0,missing_coordinates
2543.0,missing_coordinates
2544.0,missing_coordinates
2550.0,missing_coordinates
2559.0,missing_coordinates
2566.0,missing_coordinates
2567.0,missing_coordinates
2568.0,missing_coordinates
2570.0,missing_coordinates
2573.0,missing_coordinates
2574.0,missing_coordinates
2578.0,missing_coordinates
2579.0,missing_coordinates
2580.0,missing_coordinates
2585.0,missing_coordinates
2586.0,missing_coordinates
2589.0,missing_coordinates
2593.0,missing_coordinates
2603.0,missing_coordinates
2613.0,missing_coordinates
2615.0,missing_coordinates
2616.0,missing_coordinates
2617.0,missing_coordinates
2620.0,missing_coordinates
2628.0,missing_coordinates
2640.0,missing_coordinates
2642.0,missing_coordinates
2644.0,missing_coordinates
2649.0,missing_coordinates
2658.0,missing_coordinates
2660.0,missing_coordinates
2665.0,missing_coordinates
2666.0,missing_coordinates
2667.0,missing_coordinates
2668.0,missing_coordinates
2676.0,missing_coordinates
2677.0,missing_coordinates
2681.0,missing_coordinates
2688.0,missing_coordinates
2689.0,missing_coordinates
2690.0,missing_coordinates
2698.0,missing_coordinates
2702.0,missing_coordinates
2703.0,missing_coordinates
2705.0,missing_coordinates
2718.0,missing_coordinates
2720.0,missing_coordinates
2730.0,missing_coordinates
2735.0,missing_coordinates
2738.0,missing_coordinates
2746.0,missing_coordinates
2751.0,missing_coordinates
2752.0,missing_coordinates
2753.0,missing_coordinates
2757.0,missing_coordinates
2758.0,missing_coordinates
2765.0,missing_coordinates
2775.0,missing_coordinates
2783.0,missing_coordinates
2784.0,missing_coordinates
2787.0,missing_coordinates
2788.0,missing_coordinates
2789.0,missing_coordinates
2790.0,missing_coordinates
2791.0,missing_coordinates
2795.0,missing_coordinates
2797.0,missing_coordinates
2804.0,missing_coordinates
2806.0,missing_coordinates
2818.0,missing_coordinates
2821.0,missing_coordinates
2823.0,missing_coordinates
2825.0,missing_coordinates
2826.0,missing_coordinates
2837.0,missing_coordinates
2847.0,missing_coordinates
2852.0,missing_coordinates
2863.0,missing_coordinates
2867.0,missing_coordinates
2876.0,missing_coordinates
2877.0,missing_coordinates
2887.0,missing_coordinates
2897.0,missing_coordinates
2899.0,missing_coordinates
2900.0,missing_coordinates
2907.0,missing_coordinates
2921.0,missing_coordinates
2925.0,missing_coordinates
2926.0,missing_coordinates
2932.0,missing_coordinates
2934.0,missing_coordinates
2945.0,missing_coordinates
2953.0,missing_coordinates
2956.0,missing_coordinates
2957.0,missing_coordinates
2958.0,missing_coordinates
2959.0,missing_coordinates
2960.0,missing_coordinates
2961.0,missing_coordinates
2964.0,missing_coordinates
2966.0,missing_coordinates
2967.0,missing_coordinates
2971.0,missing_coordinates
2972.0,missing_coordinates
2974.0,missing_coordinates
2977.0,missing_coordinates
2982.0,missing_coordinates
2985.0,missing_coordinates
2989.0,missing_coordinates
2990.0,missing_coordinates
2991.0,missing_coordinates
2993.0,missing_coordinates
2994.0,missing_coordinates
2999.0,missing_coordinates
3001.0,missing_coordinates
3002.0,missing_coordinates
3003.0,missing_coordinates
3006.0,missing_coordinates
3012.0,missing_coordinates
3013.0,missing_coordinates
3020.0,missing_coordinates
3021.0,missing_coordinates
3025.0,missing_coordinates
3040.0,missing_coordinates
3041.0,missing_coordinates
3042.0,missing_coordinates
3043.0,missing_coordinates
3044.0,missing_coordinates
3049.0,missing_coordinates
3050.0,missing_coordinates
3062.0,missing_coordinates
3065.0,missing_coordinates
3072.0,missing_coordinates
3087.0,missing_coordinates
3088.0,missing_coordinates
3106.0,missing_coordinates
3109.0,missing_coordinates
3112.0,missing_coordinates
3114.0,missing_coordinates
3117.0,missing_coordinates
3122.0,missing_coordinates
3154.0,missing_coordinates
3160.0,missing_coordinates
3166.0,missing_coordinates
3175.0,missing_coordinates
3177.0,missing_coordinates
3183.0,missing_coordinates
3188.0,missing_coordinates
3190.0,missing_coordinates
3195.0,missing_coordinates
3202.0,missing_coordinates
3206.0,missing_coordinates
3208.0,missing_coordinates
3213.0,missing_coordinates
3216.0,missing_coordinates
3222.0,missing_coordinates
3223.0,missing_coordinates
3225.0,missing_coordinates
3229.0,missing_coordinates
3231.0,missing_coordinates
3249.0,missing_coordinates
3254.0,missing_coordinates
3260.0,missing_coordinates
3268.0,missing_coordinates
3269.0,missing_coordinates
3284.0,missing_coordinates
3287.0,missing_coordinates
3289.0,missing_coordinates
3290.0,missing_coordinates
3291.0,missing_coordinates
3292.0,missing_coordinates
3297.0,missing_coordinates
3311.0,missing_coordinates
3315.0,missing_coordinates
3323.0,missing_coordinates
3332.0,missing_coordinates
3338.0,missing_coordinates
3339.0,missing_coordinates
3346.0,missing_coordinates
3349.0,missing_coordinates
3356.0,missing_coordinates
3361.0,missing_coordinates
3364.0,missing_coordinates
3396.0,missing_coordinates
3410.0,missing_coordinates
3415.0,missing_coordinates
3421.0,missing_coordinates
3422.0,missing_coordinates
3432.0,missing_coordinates
3433.0,missing_coordinates
3438.0,missing_coordinates
3441.0,missing_coordinates
3443.0,missing_coordinates
3444.0,missing_coordinates
3452.0,missing_coordinates
3455.0,missing_coordinates
3456.0,missing_coordinates
3470.0,missing_coordinates
3479.0,missing_coordinates
3481.0,missing_coordinates
3489.0,missing_coordinates
3494.0,missing_coordinates
3499.0,missing_coordinates
3505.0,missing_coordinates
3506.0,missing_coordinates
3529.0,missing_coordinates
3540.0,missing_coordinates
3548.0,missing_coordinates
3551.0,missing_coordinates
3553.0,missing_coordinates
3560.0,missing_coordinates
3565.0,missing_coordinates
3579.0,missing_coordinates
3580.0,missing_coordinates
3583.0,missing_coordinates
3584.0,missing_coordinates
3589.0,missing_coordinates
3591.0,missing_coordinates
3593.0,missing_coordinates
3594.0,missing_coordinates
3597.0,missing_coordinates
3601.0,missing_coordinates
3602.0,missing_coordinates
3604.0,missing_coordinates
3608.0,missing_coordinates
3612.0,missing_coordinates
3616.0,missing_coordinates
3620.0,missing_coordinates
3621.0,missing_coordinates
3626.0,missing_coordinates
3627.0,missing_coordinates
3638.0,missing_coordinates
3640.0,missing_coordinates
3645.0,missing_coordinates
3646.0,missing_coordinates
3648.0,missing_coordinates
3649.0,missing_coordinates
3651.0,missing_coordinates
3652.0,missing_coordinates
3658.0,missing_coordinates
3660.0,missing_coordinates
3662.0,missing_coordinates
3664.0,missing_coordinates
3666.0,missing_coordinates
3667.0,missing_coordinates
3668.0,missing_coordinates
3675.0,missing_coordinates
3676.0,missing_coordinates
3680.0,missing_coordinates
3684.0,missing_coordinates
3685.0,missing_coordinates
3693.0,missing_coordinates
3702.0,missing_coordinates
3711.0,missing_coordinates
3740.0,missing_coordinates
3742.0,missing_coordinates
3743.0,missing_coordinates
3748.0,missing_coordinates
3749.0,missing_coordinates
3788.0,missing_coordinates
3794.0,missing_coordinates
3796.0,missing_coordinates
3799.0,missing_coordinates
3808.0,missing_coordinates
3809.0,missing_coordinates
3811.0,missing_coordinates
3816.0,missing_coordinates
3817.0,missing_coordinates
3837.0,missing_coordinates
3841.0,missing_coordinates
3842.0,missing_coordinates
3862.0,missing_coordinates
3864.0,missing_coordinates
3868.0,missing_coordinates
3872.0,missing_coordinates
3873.0,missing_coordinates
3881.0,missing_coordinates
3887.0,missing_coordinates
3895.0,missing_coordinates
3906.0,missing_coordinates
3909.0,missing_coordinates
3914.0,missing_coordinates
3917.0,missing_coordinates
3918.0,missing_coordinates
3930.0,missing_coordinates
3935.0,missing_coordinates
3937.0,missing_coordinates
3943.0,missing_coordinates
3944.0,missing_coordinates
3950.0,missing_coordinates
3951.0,missing_coordinates
3952.0,missing_coordinates
3959.0,missing_coordinates
3961.0,missing_coordinates
3967.0,missing_coordinates
3971.0,missing_coordinates
3972.0,missing_coordinates
3988.0,missing_coordinates
4003.0,missing_coordinates
4004.0,missing_coordinates
4006.0,missing_coordinates
4012.0,missing_coordinates
4013.0,missing_coordinates
4014.0,missing_coordinates
4016.0,missing_coordinates
4017.0,missing_coordinates
4023.0,missing_coordinates
4026.0,missing_coordinates
4027.0,missing_coordinates
4028.0,missing_coordinates
4048.0,missing_coordinates
4049.0,missing_coordinates
4051.0,missing_coordinates
4072.0,missing_coordinates
4086.0,missing_coordinates
4090.0,missing_coordinates
4098.0,missing_coordinates
4101.0,missing_coordinates
4114.0,missing_coordinates
4133.0,missing_coordinates
4134.0,missing_coordinates
4135.0,missing_coordinates
4136.0,missing_coordinates
4138.0,missing_coordinates
4139.0,missing_coordinates
4145.0,missing_coordinates
4158.0,missing_coordinates
4159.0,missing_coordinates
4160.0,missing_coordinates
4169.0,missing_coordinates
4178.0,missing_coordinates
4185.0,missing_coordinates
4192.0,missing_coordinates
4197.0,missing_coordinates
4198.0,missing_coordinates
4208.0,missing_coordinates
4217.0,missing_coordinates
4218.0,missing_coordinates
4223.0,missing_coordinates
4232.0,missing_coordinates
4233.0,missing_coordinates
4234.0,missing_coordinates
4235.0,missing_coordinates
4237.0,missing_coordinates
4279.0,missing_coordinates
4309.0,missing_coordinates
4320.0,missing_coordinates
4336.0,missing_coordinates
4338.0,missing_coordinates
4342.0,missing_coordinates
4343.0,missing_coordinates
4348.0,missing_coordinates
4352.0,missing_coordinates
4356.0,missing_coordinates
4365.0,missing_coordinates
4376.0,missing_coordinates
4382.0,missing_coordinates
4394.0,missing_coordinates
4400.0,missing_coordinates
4412.0,missing_coordinates
4425.0,missing_coordinates
4431.0,missing_coordinates
4433.0,missing_coordinates
4438.0,missing_coordinates
4447.0,missing_coordinates
4455.0,missing_coordinates
4456.0,missing_coordinates
4461.0,missing_coordinates
4467.0,missing_coordinates
4473.0,missing_coordinates
4484.0,missing_coordinates
4486.0,missing_coordinates
4496.0,missing_coordinates
4500.0,missing_coordinates
4502.0,missing_coordinates
4506.0,missing_coordinates
4510.0,missing_coordinates
4517.0,missing_coordinates
4520.0,missing_coordinates
4529.0,missing_coordinates
4534.0,missing_coordinates
4544.0,missing_coordinates
4545.0,missing_coordinates
4550.0,missing_coordinates
4551.0,missing_coordinates
4567.0,missing_coordinates
4569.0,missing_coordinates
4571.0,missing_coordinates
4575.0,missing_coordinates
4579.0,missing_coordinates
4580.0,missing_coordinates
4585.0,missing_coordinates
4586.0,missing_coordinates
4590.0,missing_coordinates
4602.0,missing_coordinates
4607.0,missing_coordinates
4608.0,missing_coordinates
4612.0,missing_coordinates
4613.0,missing_coordinates
4614.0,missing_coordinates
4621.0,missing_coordinates
4625.0,missing_coordinates
4633.0,missing_coordinates
4641.0,missing_coordinates
4642.0,missing_coordinates
4647.0,missing_coordinates
4649.0,missing_coordinates
4654.0,missing_coordinates
4663.0,missing_coordinates
4667.0,missing_coordinates
4674.0,missing_coordinates
4681.0,missing_coordinates
4685.0,missing_coordinates
4688.0,missing_coordinates
4691.0,missing_coordinates
4694.0,missing_coordinates
4697.0,missing_coordinates
4703.0,missing_coordinates
4708.0,missing_coordinates
4714.0,missing_coordinates
4715.0,missing_coordinates
4716.0,missing_coordinates
4718.0,missing_coordinates
4725.0,missing_coordinates
4728.0,missing_coordinates
4737.0,missing_coordinates
4741.0,missing_coordinates
4759.0,missing_coordinates
4766.0,missing_coordinates
4822.0,missing_coordinates
4823.0,missing_coordinates
4834.0,missing_coordinates
4836.0,missing_coordinates
4844.0,missing_coordinates
4845.0,missing_coordinates
4857.0,missing_coordinates
4860.0,missing_coordinates
4868.0,missing_coordinates
4870.0,missing_coordinates
4871.0,missing_coordinates
4873.0,missing_coordinates
4879.0,missing_coordinates
4887.0,missing_coordinates
4890.0,missing_coordinates
4893.0,missing_coordinates
4894.0,missing_coordinates
4895.0,missing_coordinates
4896.0,missing_coordinates
4898.0,missing_coordinates
4904.0,missing_coordinates
4909.0,missing_coordinates
4910.0,missing_coordinates
4911.0,missing_coordinates
4912.0,missing_coordinates
4916.0,missing_coordinates
4919.0,missing_coordinates
4922.0,missing_coordinates
4927.0,missing_coordinates
4929.0,missing_coordinates
4930.0,missing_coordinates
4931.0,missing_coordinates
4939.0,missing_coordinates
4947.0,missing_coordinates
4950.0,missing_coordinates
4951.0,missing_coordinates
4959.0,missing_coordinates
4960.0,missing_coordinates
4961.0,missing_coordinates
4962.0,missing_coordinates
4967.0,missing_coordinates
4977.0,missing_coordinates
4978.0,missing_coordinates
4986.0,missing_coordinates
4991.0,missing_coordinates
5001.0,missing_coordinates
5011.0,missing_coordinates
5013.0,missing_coordinates
5020.0,missing_coordinates
5026.0,missing_coordinates
5040.0,missing_coordinates
5046.0,missing_coordinates
5066.0,missing_coordinates
5096.0,missing_coordinates
5103.0,missing_coordinates
5105.0,missing_coordinates
5108.0,missing_coordinates
5115.0,missing_coordinates
5116.0,missing_coordinates
5117.0,missing_coordinates
5130.0,missing_coordinates
5132.0,missing_coordinates
5136.0,missing_coordinates
5148.0,missing_coordinates
5154.0,missing_coordinates
5156.0,missing_coordinates
5160.0,missing_coordinates
5161.0,missing_coordinates
5163.0,missing_coordinates
5167.0,missing_coordinates
5171.0,missing_coordinates
5177.0,missing_coordinates
5182.0,missing_coordinates
5187.0,missing_coordinates
5195.0,missing_coordinates
5196.0,missing_coordinates
5197.0,missing_coordinates
5207.0,missing_coordinates
5211.0,missing_coordinates
5213.0,missing_coordinates
5219.0,missing_coordinates
5227.0,missing_coordinates
5228.0,missing_coordinates
5235.0,missing_coordinates
5238.0,missing_coordinates
5240.0,missing_coordinates
5241.0,missing_coordinates
5242.0,missing_coordinates
5244.0,missing_coordinates
5255.0,missing_coordinates
5257.0,missing_coordinates
5264.0,missing_coordinates
5265.0,missing_coordinates
5268.0,missing_coordinates
5269.0,missing_coordinates
5280.0,missing_coordinates
5281.0,missing_coordinates
5287.0,missing_coordinates
5302.0,missing_coordinates
5305.0,missing_coordinates
5314.0,missing_coordinates
5315.0,missing_coordinates
5320.0,missing_coordinates
5321.0,missing_coordinates
5335.0,missing_coordinates
5361.0,missing_coordinates
5381.0,missing_coordinates
5386.0,missing_coordinates
5413.0,missing_coordinates
5417.0,missing_coordinates
5420.0,missing_coordinates
5421.0,missing_coordinates
5435.0,missing_coordinates
5442.0,missing_coordinates
5444.0,missing_coordinates
5446.0,missing_coordinates
5447.0,missing_coordinates
5452.0,missing_coordinates
5458.0,missing_coordinates
5463.0,missing_coordinates
5464.0,missing_coordinates
5472.0,missing_coordinates
5480.0,missing_coordinates
5490.0,missing_coordinates
5494.0,missing_coordinates
5504.0,missing_coordinates
5512.0,missing_coordinates
5523.0,missing_coordinates
5534.0,missing_coordinates
5537.0,missing_coordinates
5545.0,missing_coordinates
5549.0,missing_coordinates
5554.0,missing_coordinates
5559.0,missing_coordinates
5562.0,missing_coordinates
5564.0,missing_coordinates
5570.0,missing_coordinates
5574.0,missing_coordinates
5581.0,missing_coordinates
5583.0,missing_coordinates
5591.0,missing_coordinates
5598.0,missing_coordinates
5616.0,missing_coordinates
5619.0,missing_coordinates
5630.0,missing_coordinates
5643.0,missing_coordinates
5656.0,missing_coordinates
5661.0,missing_coordinates
5666.0,missing_coordinates
5688.0,missing_coordinates
5690.0,missing_coordinates
5691.0,missing_coordinates
5692.0,missing_coordinates
5697.0,missing_coordinates
5701.0,missing_coordinates
5709.0,missing_coordinates
5711.0,missing_coordinates
5715.0,missing_coordinates
5727.0,missing_coordinates
5736.0,missing_coordinates
5737.0,missing_coordinates
5744.0,missing_coordinates
5746.0,missing_coordinates
5758.0,missing_coordinates
5759.0,missing_coordinates
5760.0,missing_coordinates
5775.0,missing_coordinates
5786.0,missing_coordinates
5787.0,missing_coordinates
5788.0,missing_coordinates
5792.0,missing_coordinates
5799.0,missing_coordinates
5800.0,missing_coordinates
5803.0,missing_coordinates
5806.0,missing_coordinates
5835.0,missing_coordinates
5836.0,missing_coordinates
5839.0,missing_coordinates
5857.0,missing_coordinates
5871.0,missing_coordinates
5872.0,missing_coordinates
5873.0,missing_coordinates
5874.0,missing_coordinates
5875.0,missing_coordinates
5876.0,missing_coordinates
5877.0,missing_coordinates
5878.0,missing_coordinates
5884.0,missing_coordinates
5887.0,missing_coordinates
5898.0,missing_coordinates
5912.0,missing_coordinates
5913.0,missing_coordinates
5914.0,missing_coordinates
5915.0,missing_coordinates
5916.0,missing_coordinates
5917.0,missing_coordinates
5919.0,missing_coordinates
5924.0,missing_coordinates
5933.0,missing_coordinates
5947.0,missing_coordinates
5952.0,missing_coordinates
5971.0,missing_coordinates
5973.0,missing_coordinates
5989.0,missing_coordinates
5993.0,missing_coordinates
5995.0,missing_coordinates
6001.0,missing_coordinates
6003.0,missing_coordinates
6006.0,missing_coordinates
6024.0,missing_coordinates
6029.0,missing_coordinates
6042.0,missing_coordinates
6057.0,missing_coordinates
6058.0,missing_coordinates
6064.0,missing_coordinates
6077.0,missing_coordinates
6086.0,missing_coordinates
6089.0,missing_coordinates
6091.0,missing_coordinates
6102.0,missing_coordinates
6134.0,missing_coordinates
6145.0,missing_coordinates
6149.0,missing_coordinates
6150.0,missing_coordinates
6151.0,missing_coordinates
6159.0,missing_coordinates
6167.0,missing_coordinates
6168.0,missing_coordinates
6170.0,missing_coordinates
6171.0,missing_coordinates
6179.0,missing_coordinates
6180.0,missing_coordinates
6181.0,missing_coordinates
6182.0,missing_coordinates
6183.0,missing_coordinates
6184.0,missing_coordinates
6187.0,missing_coordinates
6227.0,missing_coordinates
6228.0,missing_coordinates
6230.0,missing_coordinates
6259.0,missing_coordinates
6271.0,missing_coordinates
6276.0,missing_coordinates
6279.0,missing_coordinates
6298.0,missing_coordinates
6299.0,missing_coordinates
6301.0,missing_coordinates
6302.0,missing_coordinates
6310.0,missing_coordinates
6313.0,missing_coordinates
6315.0,missing_coordinates
6318.0,missing_coordinates
6321.0,missing_coordinates
6334.0,missing_coordinates
6338.0,missing_coordinates
6354.0,missing_coordinates
6355.0,missing_coordinates
6359.0,missing_coordinates
6360.0,missing_coordinates
6361.0,missing_coordinates
6367.0,missing_coordinates
6377.0,missing_coordinates
6379.0,missing_coordinates
6380.0,missing_coordinates
6381.0,missing_coordinates
6382.0,missing_coordinates
6384.0,missing_coordinates
6385.0,missing_coordinates
6386.0,missing_coordinates
6388.0,missing_coordinates
6389.0,missing_coordinates
6390.0,missing_coordinates
6391.0,missing_coordinates
6393.0,missing_coordinates
6395.0,missing_coordinates
6396.0,missing_coordinates
6408.0,missing_coordinates
6410.0,missing_coordinates
6414.0,missing_coordinates
6415.0,missing_coordinates
6416.0,missing_coordinates
6417.0,missing_coordinates
6420.0,missing_coordinates
6423.0,missing_coordinates
6448.0,missing_coordinates
6457.0,missing_coordinates
6461.0,missing_coordinates
6469.0,missing_coordinates
6482.0,missing_coordinates
6487.0,missing_coordinates
6489.0,missing_coordinates
6498.0,missing_coordinates
6517.0,missing_coordinates
6519.0,missing_coordinates
6520.0,missing_coordinates
6521.0,missing_coordinates
6523.0,missing_coordinates
6529.0,missing_coordinates
6532.0,missing_coordinates
6539.0,missing_coordinates
6540.0,missing_coordinates
6544.0,missing_coordinates
6572.0,missing_coordinates
6573.0,missing_coordinates
6576.0,missing_coordinates
6588.0,missing_coordinates
6589.0,missing_coordinates
6605.0,missing_coordinates
6615.0,missing_coordinates
6617.0,missing_coordinates
6635.0,missing_coordinates
6636.0,missing_coordinates
6641.0,missing_coordinates
6642.0,missing_coordinates
6645.0,missing_coordinates
6647.0,missing_coordinates
6648.0,missing_coordinates
6650.0,missing_coordinates
6651.0,missing_coordinates
6654.0,missing_coordinates
6655.0,missing_coordinates
6658.0,missing_coordinates
6660.0,missing_coordinates
6663.0,missing_coordinates
6664.0,missing_coordinates
6670.0,missing_coordinates
6672.0,missing_coordinates
6675.0,missing_coordinates
6678.0,missing_coordinates
6682.0,missing_coordinates
6687.0,missing_coordinates
6693.0,missing_coordinates
6695.0,missing_coordinates
6699.0,missing_coordinates
6702.0,missing_coordinates
6706.0,missing_coordinates
6719.0,missing_coordinates
6722.0,missing_coordinates
6729.0,missing_coordinates
6732.0,missing_coordinates
6733.0,missing_coordinates
6737.0,missing_coordinates
6738.0,missing_coordinates
6760.0,missing_coordinates
6762.0,missing_coordinates
6769.0,missing_coordinates
6771.0,missing_coordinates
6772.0,missing_coordinates
6773.0,missing_coordinates
6781.0,missing_coordinates
6789.0,missing_coordinates
6791.0,missing_coordinates
6819.0,missing_coordinates
6828.0,missing_coordinates
6838.0,missing_coordinates
6839.0,missing_coordinates
6840.0,missing_coordinates
6842.0,missing_coordinates
6844.0,missing_coordinates
6848.0,missing_coordinates
6850.0,missing_coordinates
6853.0,missing_coordinates
6854.0,missing_coordinates
6855.0,missing_coordinates
6856.0,missing_coordinates
6859.0,missing_coordinates
6862.0,missing_coordinates
6863.0,missing_coordinates
6871.0,missing_coordinates
6874.0,missing_coordinates
6879.0,missing_coordinates
6881.0,missing_coordinates
6890.0,missing_coordinates
6891.0,missing_coordinates
6892.0,missing_coordinates
6893.0,missing_coordinates
6894.0,missing_coordinates
6908.0,missing_coordinates
6916.0,missing_coordinates
6929.0,missing_coordinates
6933.0,missing_coordinates
6934.0,missing_coordinates
6935.0,missing_coordinates
6937.0,missing_coordinates
6941.0,missing_coordinates
6942.0,missing_coordinates
6947.0,missing_coordinates
6948.0,missing_coordinates
6965.0,missing_coordinates
6966.0,missing_coordinates
6967.0,missing_coordinates
6968.0,missing_coordinates
6976.0,missing_coordinates
6980.0,missing_coordinates
6985.0,missing_coordinates
6986.0,missing_coordinates
6988.0,missing_coordinates
6993.0,missing_coordinates
6994.0,missing_coordinates
6998.0,missing_coordinates
7001.0,missing_coordinates
7004.0,missing_coordinates
7012.0,missing_coordinates
7018.0,missing_coordinates
7019.0,missing_coordinates
7026.0,missing_coordinates
7029.0,missing_coordinates
7033.0,missing_coordinates
7034.0,missing_coordinates
7054.0,missing_coordinates
7058.0,missing_coordinates
7063.0,missing_coordinates
7074.0,missing_coordinates
7077.0,missing_coordinates
7079.0,missing_coordinates
7080.0,missing_coordinates
7091.0,missing_coordinates
7109.0,missing_coordinates
7128.0,missing_coordinates
7135.0,missing_coordinates
7147.0,missing_coordinates
7148.0,missing_coordinates
7150.0,missing_coordinates
7152.0,missing_coordinates
7158.0,missing_coordinates
7160.0,missing_coordinates
7165.0,missing_coordinates
7171.0,missing_coordinates
7173.0,missing_coordinates
7177.0,missing_coordinates
7178.0,missing_coordinates
7186.0,missing_coordinates
7187.0,missing_coordinates
7190.0,missing_coordinates
7195.0,missing_coordinates
7198.0,missing_coordinates
7199.0,missing_coordinates
7200.0,missing_coordinates
7202.0,missing_coordinates
7203.0,missing_coordinates
7234.0,missing_coordinates
7243.0,missing_coordinates
7247.0,missing_coordinates
7248.0,missing_coordinates
7262.0,missing_coordinates
7263.0,missing_coordinates
7264.0,missing_coordinates
7265.0,missing_coordinates
7267.0,missing_coordinates
7271.0,missing_coordinates
7275.0,missing_coordinates
7280.0,missing_coordinates
7282.0,missing_coordinates
7283.0,missing_coordinates
7286.0,missing_coordinates
7290.0,missing_coordinates
7293.0,missing_coordinates
7294.0,missing_coordinates
7302.0,missing_coordinates
7303.0,missing_coordinates
7309.0,missing_coordinates
7317.0,missing_coordinates
7327.0,missing_coordinates
7333.0,missing_coordinates
7351.0,missing_coordinates
7362.0,missing_coordinates
7363.0,missing_coordinates
7365.0,missing_coordinates
7379.0,missing_coordinates
7382.0,missing_coordinates
7396.0,missing_coordinates
7407.0,missing_coordinates
7417.0,missing_coordinates
7431.0,missing_coordinates
7435.0,missing_coordinates
7436.0,missing_coordinates
7437.0,missing_coordinates
7438.0,missing_coordinates
7439.0,missing_coordinates
7440.0,missing_coordinates
7445.0,missing_coordinates
7453.0,missing_coordinates
7455.0,missing_coordinates
7460.0,missing_coordinates
7478.0,missing_coordinates
7479.0,missing_coordinates
7485.0,missing_coordinates
7489.0,missing_coordinates
7490.0,missing_coordinates
7501.0,missing_coordinates
7513.0,missing_coordinates
7514.0,missing_coordinates
7519.0,missing_coordinates
7522.0,missing_coordinates
7525.0,missing_coordinates
7536.0,missing_coordinates
7539.0,missing_coordinates
7540.0,missing_coordinates
7541.0,missing_coordinates
7550.0,missing_coordinates
7554.0,missing_coordinates
7557.0,missing_coordinates
7590.0,missing_coordinates
7591.0,missing_coordinates
7592.0,missing_coordinates
7594.0,missing_coordinates
7597.0,missing_coordinates
7599.0,missing_coordinates
7606.0,missing_coordinates
7607.0,missing_coordinates
7610.0,missing_coordinates
7616.0,missing_coordinates
7620.0,missing_coordinates
7632.0,missing_coordinates
7635.0,missing_coordinates
7636.0,missing_coordinates
7646.0,missing_coordinates
7648.0,missing_coordinates
7650.0,missing_coordinates
7651.0,missing_coordinates
7659.0,missing_coordinates
7664.0,missing_coordinates
7666.0,missing_coordinates
7672.0,missing_coordinates
7673.0,missing_coordinates
7675.0,missing_coordinates
7681.0,missing_coordinates
7683.0,missing_coordinates
7685.0,missing_coordinates
7686.0,missing_coordinates
7692.0,missing_coordinates
7694.0,missing_coordinates
7697.0,missing_coordinates
7700.0,missing_coordinates
7702.0,missing_coordinates
7703.0,missing_coordinates
7705.0,missing_coordinates
7727.0,missing_coordinates
7728.0,missing_coordinates
7729.0,missing_coordinates
7730.0,missing_coordinates
7731.0,missing_coordinates
7738.0,missing_coordinates
7739.0,missing_coordinates
7740.0,missing_coordinates
7744.0,missing_coordinates
7745.0,missing_coordinates
7746.0,missing_coordinates
7748.0,missing_coordinates
7753.0,missing_coordinates
7757.0,missing_coordinates
7766.0,missing_coordinates
7768.0,missing_coordinates
7769.0,missing_coordinates
7793.0,missing_coordinates
7819.0,missing_coordinates
7821.0,missing_coordinates
7837.0,missing_coordinates
7844.0,missing_coordinates
7845.0,missing_coordinates
7848.0,missing_coordinates
7851.0,missing_coordinates
7857.0,missing_coordinates
7865.0,missing_coordinates
7866.0,missing_coordinates
7878.0,missing_coordinates
7881.0,missing_coordinates
7882.0,missing_coordinates
7893.0,missing_coordinates
7915.0,missing_coordinates
7921.0,missing_coordinates
7922.0,missing_coordinates
7923.0,missing_coordinates
7924.0,missing_coordinates
7934.0,missing_coordinates
7935.0,missing_coordinates
7938.0,missing_coordinates
7941.0,missing_coordinates
7943.0,missing_coordinates
7948.0,missing_coordinates
7953.0,missing_coordinates
7954.0,missing_coordinates
7957.0,missing_coordinates
7958.0,missing_coordinates
7959.0,missing_coordinates
7960.0,missing_coordinates
7965.0,missing_coordinates
7966.0,missing_coordinates
7967.0,missing_coordinates
7972.0,missing_coordinates
7977.0,missing_coordinates
7978.0,missing_coordinates
7997.0,missing_coordinates
7999.0,missing_coordinates
8004.0,missing_coordinates
8011.0,missing_coordinates
8021.0,missing_coordinates
8028.0,missing_coordinates
8040.0,missing_coordinates
8055.0,missing_coordinates
8060.0,missing_coordinates
8062.0,missing_coordinates
8063.0,missing_coordinates
8074.0,missing_coordinates
8077.0,missing_coordinates
8091.0,missing_coordinates
8092.0,missing_coordinates
8094.0,missing_coordinates
8097.0,missing_coordinates
8099.0,missing_coordinates
8103.0,missing_coordinates
8104.0,missing_coordinates
8105.0,missing_coordinates
8106.0,missing_coordinates
8107.0,missing_coordinates
8108.0,missing_coordinates
8116.0,missing_coordinates
8117.0,missing_coordinates
8118.0,missing_coordinates
8119.0,missing_coordinates
8121.0,missing_coordinates
8142.0,missing_coordinates
8147.0,missing_coordinates
8153.0,missing_coordinates
8154.0,missing_coordinates
8162.0,missing_coordinates
8164.0,missing_coordinates
8165.0,missing_coordinates
8178.0,missing_coordinates
8182.0,missing_coordinates
8190.0,missing_coordinates
8198.0,missing_coordinates
8199.0,missing_coordinates
8202.0,missing_coordinates
8203.0,missing_coordinates
8206.0,missing_coordinates
8207.0,missing_coordinates
8238.0,missing_coordinates
8242.0,missing_coordinates
8243.0,missing_coordinates
8245.0,missing_coordinates
8246.0,missing_coordinates
8265.0,missing_coordinates
8266.0,missing_coordinates
8268.0,missing_coordinates
8271.0,missing_coordinates
8272.0,missing_coordinates
8305.0,missing_coordinates
8325.0,missing_coordinates
8327.0,missing_coordinates
8328.0,missing_coordinates
8331.0,missing_coordinates
8332.0,missing_coordinates
8333.0,missing_coordinates
8344.0,missing_coordinates
8345.0,missing_coordinates
8357.0,missing_coordinates
8360.0,missing_coordinates
8361.0,missing_coordinates
8365.0,missing_coordinates
8366.0,missing_coordinates
8377.0,missing_coordinates
8392.0,missing_coordinates
8412.0,missing_coordinates
8413.0,missing_coordinates
8414.0,missing_coordinates
8416.0,missing_coordinates
8417.0,missing_coordinates
8421.0,missing_coordinates
8422.0,missing_coordinates
8423.0,missing_coordinates
8424.0,missing_coordinates
8429.0,missing_coordinates
8430.0,missing_coordinates
8433.0,missing_coordinates
8434.0,missing_coordinates
8436.0,missing_coordinates
8440.0,missing_coordinates
8442.0,missing_coordinates
8443.0,missing_coordinates
8444.0,missing_coordinates
8445.0,missing_coordinates
8449.0,missing_coordinates
8453.0,missing_coordinates
8455.0,missing_coordinates
8456.0,missing_coordinates
8478.0,missing_coordinates
8486.0,missing_coordinates
8487.0,missing_coordinates
8488.0,missing_coordinates
8489.0,missing_coordinates
8490.0,missing_coordinates
8491.0,missing_coordinates
8496.0,missing_coordinates
8498.0,missing_coordinates
8509.0,missing_coordinates
8510.0,missing_coordinates
8511.0,missing_coordinates
8514.0,missing_coordinates
8516.0,missing_coordinates
8521.0,missing_coordinates
8523.0,missing_coordinates
8524.0,missing_coordinates
8525.0,missing_coordinates
8526.0,missing_coordinates
8527.0,missing_coordinates
8538.0,missing_coordinates
8539.0,missing_coordinates
8546.0,missing_coordinates
8550.0,missing_coordinates
8551.0,missing_coordinates
8561.0,missing_coordinates
8562.0,missing_coordinates
8566.0,missing_coordinates
8567.0,missing_coordinates
8571.0,missing_coordinates
8572.0,missing_coordinates
8573.0,missing_coordinates
8597.0,missing_coordinates
8602.0,missing_coordinates
8608.0,missing_coordinates
8610.0,missing_coordinates
8611.0,missing_coordinates
8612.0,missing_coordinates
8613.0,missing_coordinates
8614.0,missing_coordinates
8615.0,missing_coordinates
8627.0,missing_coordinates
8640.0,missing_coordinates
8641.0,missing_coordinates
8645.0,missing_coordinates
8652.0,missing_coordinates
8653.0,missing_coordinates
8654.0,missing_coordinates
8655.0,missing_coordinates
8656.0,missing_coordinates
8657.0,missing_coordinates
8661.0,missing_coordinates
8666.0,missing_coordinates
8673.0,missing_coordinates
8675.0,missing_coordinates
8681.0,missing_coordinates
8682.0,missing_coordinates
8683.0,missing_coordinates
8692.0,missing_coordinates
8694.0,missing_coordinates
8695.0,missing_coordinates
8714.0,missing_coordinates
8717.0,missing_coordinates
8718.0,missing_coordinates
8719.0,missing_coordinates
8720.0,missing_coordinates
8721.0,missing_coordinates
8722.0,missing_coordinates
8724.0,missing_coordinates
8725.0,missing_coordinates
8726.0,missing_coordinates
8730.0,missing_coordinates
8733.0,missing_coordinates
8741.0,missing_coordinates
8743.0,missing_coordinates
8744.0,missing_coordinates
8745.0,missing_coordinates
8746.0,missing_coordinates
8747.0,missing_coordinates
8748.0,missing_coordinates
8749.0,missing_coordinates
8751.0,missing_coordinates
8767.0,missing_coordinates
8774.0,missing_coordinates
8776.0,missing_coordinates
8780.0,missing_coordinates
8786.0,missing_coordinates
8795.0,missing_coordinates
8796.0,missing_coordinates
8799.0,missing_coordinates
8801.0,missing_coordinates
8802.0,missing_coordinates
8803.0,missing_coordinates
8808.0,missing_coordinates
8813.0,missing_coordinates
8816.0,missing_coordinates
8821.0,missing_coordinates
8822.0,missing_coordinates
8823.0,missing_coordinates
8824.0,missing_coordinates
8828.0,missing_coordinates
8830.0,missing_coordinates
8834.0,missing_coordinates
8835.0,missing_coordinates
8837.0,missing_coordinates
8843.0,missing_coordinates
8845.0,missing_coordinates
8850.0,missing_coordinates
8851.0,missing_coordinates
8853.0,missing_coordinates
8854.0,missing_coordinates
8855.0,missing_coordinates
8860.0,missing_coordinates
8861.0,missing_coordinates
8870.0,missing_coordinates
8871.0,missing_coordinates
8879.0,missing_coordinates
8880.0,missing_coordinates
8882.0,missing_coordinates
8887.0,missing_coordinates
8890.0,missing_coordinates
8891.0,missing_coordinates
8898.0,missing_coordinates
8899.0,missing_coordinates
8900.0,missing_coordinates
8907.0,missing_coordinates
8911.0,missing_coordinates
8914.0,missing_coordinates
8915.0,missing_coordinates
8919.0,missing_coordinates
8932.0,missing_coordinates
8933.0,missing_coordinates
8937.0,missing_coordinates
8940.0,missing_coordinates
8962.0,missing_coordinates
8963.0,missing_coordinates
8964.0,missing_coordinates
8965.0,missing_coordinates
8966.0,missing_coordinates
8967.0,missing_coordinates
8968.0,missing_coordinates
8969.0,missing_coordinates
8970.0,missing_coordinates
8971.0,missing_coordinates
8972.0,missing_coordinates
8973.0,missing_coordinates
8974.0,missing_coordinates
8975.0,missing_coordinates
8976.0,missing_coordinates
8988.0,missing_coordinates
8994.0,missing_coordinates
8995.0,missing_coordinates
8996.0,missing_coordinates
8997.0,missing_coordinates
9001.0,missing_coordinates
9002.0,missing_coordinates
9010.0,missing_coordinates
9011.0,missing_coordinates
9012.0,missing_coordinates
9014.0,missing_coordinates
9016.0,missing_coordinates
9019.0,missing_coordinates
9024.0,missing_coordinates
9031.0,missing_coordinates
9040.0,missing_coordinates
9041.0,missing_coordinates
9042.0,missing_coordinates
9044.0,missing_coordinates
9048.0,missing_coordinates
9052.0,missing_coordinates
9060.0,missing_coordinates
9065.0,missing_coordinates
9067.0,missing_coordinates
9069.0,missing_coordinates
9071.0,missing_coordinates
9080.0,missing_coordinates
9081.0,missing_coordinates
9082.0,missing_coordinates
9086.0,missing_coordinates
9087.0,missing_coordinates
9088.0,missing_coordinates
9089.0,missing_coordinates
9093.0,missing_coordinates
9096.0,missing_coordinates
9103.0,missing_coordinates
9104.0,missing_coordinates
9110.0,missing_coordinates
9115.0,missing_coordinates
9119.0,missing_coordinates
9124.0,missing_coordinates
9127.0,missing_coordinates
9128.0,missing_coordinates
9132.0,missing_coordinates
9133.0,missing_coordinates
9134.0,missing_coordinates
9136.0,missing_coordinates
9137.0,missing_coordinates
9144.0,missing_coordinates
9149.0,missing_coordinates
9151.0,missing_coordinates
9153.0,missing_coordinates
9156.0,missing_coordinates
9158.0,missing_coordinates
,missing_coordinates
9171.0,missing_coordinates
9175.0,missing_coordinates
9180.0,missing_coordinates
9181.0,missing_coordinates
9185.0,missing_coordinates
9186.0,missing_coordinates
9188.0,missing_coordinates
9194.0,missing_coordinates
9197.0,missing_coordinates
9202.0,missing_coordinates
9203.0,missing_coordinates
9204.0,missing_coordinates
9219.0,missing_coordinates
9220.0,missing_coordinates
9221.0,missing_coordinates
9225.0,missing_coordinates
9227.0,missing_coordinates
9231.0,missing_coordinates
9233.0,missing_coordinates
9234.0,missing_coordinates
9238.0,missing_coordinates
9239.0,missing_coordinates
9241.0,missing_coordinates
9242.0,missing_coordinates
9247.0,missing_coordinates
9249.0,missing_coordinates
9252.0,missing_coordinates
9255.0,missing_coordinates
9270.0,missing_coordinates
9271.0,missing_coordinates
9273.0,missing_coordinates
9274.0,missing_coordinates
9275.0,missing_coordinates
9276.0,missing_coordinates
9283.0,missing_coordinates
9284.0,missing_coordinates
9285.0,missing_coordinates
9286.0,missing_coordinates
9287.0,missing_coordinates
9294.0,missing_coordinates
9295.0,missing_coordinates
9296.0,missing_coordinates
9299.0,missing_coordinates
9300.0,missing_coordinates
9304.0,missing_coordinates
9305.0,missing_coordinates
9310.0,missing_coordinates
9311.0,missing_coordinates
9312.0,missing_coordinates
9313.0,missing_coordinates
9314.0,missing_coordinates
9315.0,missing_coordinates
9321.0,missing_coordinates
9325.0,missing_coordinates
9330.0,missing_coordinates
9333.0,missing_coordinates
9338.0,missing_coordinates
9349.0,missing_coordinates
9357.0,missing_coordinates
9359.0,missing_coordinates
9361.0,missing_coordinates
9366.0,missing_coordinates
9370.0,missing_coordinates
9372.0,missing_coordinates
9378.0,missing_coordinates
9379.0,missing_coordinates
9386.0,missing_coordinates
9387.0,missing_coordinates
9388.0,missing_coordinates
9393.0,missing_coordinates
9397.0,missing_coordinates
9399.0,missing_coordinates
9403.0,missing_coordinates
9411.0,missing_coordinates
9413.0,missing_coordinates
9415.0,missing_coordinates
9423.0,missing_coordinates
9424.0,missing_coordinates
9433.0,missing_coordinates
9434.0,missing_coordinates
9437.0,missing_coordinates
9439.0,missing_coordinates
9440.0,missing_coordinates
9441.0,missing_coordinates
9444.0,missing_coordinates
9447.0,missing_coordinates
9449.0,missing_coordinates
9450.0,missing_coordinates
9452.0,missing_coordinates
9453.0,missing_coordinates
9454.0,missing_coordinates
9458.0,missing_coordinates
9462.0,missing_coordinates
9463.0,missing_coordinates
9466.0,missing_coordinates
9468.0,missing_coordinates
9482.0,missing_coordinates
9488.0,missing_coordinates
9493.0,missing_coordinates
9502.0,missing_coordinates
9507.0,missing_coordinates
9508.0,missing_coordinates
9509.0,missing_coordinates
9510.0,missing_coordinates
9515.0,missing_coordinates
9548.0,missing_coordinates
9549.0,missing_coordinates
9562.0,missing_coordinates
9567.0,missing_coordinates
9568.0,missing_coordinates
9569.0,missing_coordinates
9570.0,missing_coordinates
9573.0,missing_coordinates
9576.0,missing_coordinates
9579.0,missing_coordinates
9586.0,missing_coordinates
9591.0,missing_coordinates
9596.0,missing_coordinates
9600.0,missing_coordinates
9603.0,missing_coordinates
9604.0,missing_coordinates
9610.0,missing_coordinates
9612.0,missing_coordinates
9620.0,missing_coordinates
9634.0,missing_coordinates
9635.0,missing_coordinates
9641.0,missing_coordinates
9643.0,missing_coordinates
9647.0,missing_coordinates
9656.0,missing_coordinates
9660.0,missing_coordinates
9666.0,missing_coordinates
9674.0,missing_coordinates
9679.0,missing_coordinates
9683.0,missing_coordinates
9694.0,missing_coordinates
9695.0,missing_coordinates
9696.0,missing_coordinates
9698.0,missing_coordinates
9699.0,missing_coordinates
9700.0,missing_coordinates
9701.0,missing_coordinates
9702.0,missing_coordinates
9703.0,missing_coordinates
9704.0,missing_coordinates
9705.0,missing_coordinates
9706.0,missing_coordinates
9707.0,missing_coordinates
9708.0,missing_coordinates
9712.0,missing_coordinates
9713.0,missing_coordinates
9714.0,missing_coordinates
9715.0,missing_coordinates
9716.0,missing_coordinates
9718.0,missing_coordinates
9719.0,missing_coordinates
9720.0,missing_coordinates
9721.0,missing_coordinates
9722.0,missing_coordinates
9723.0,missing_coordinates
9724.0,missing_coordinates
9725.0,missing_coordinates
9726.0,missing_coordinates
9727.0,missing_coordinates
9728.0,missing_coordinates
9734.0,missing_coordinates
9735.0,missing_coordinates
9737.0,missing_coordinates
9749.0,missing_coordinates
9763.0,missing_coordinates
9771.0,missing_coordinates
9794.0,missing_coordinates
9807.0,missing_coordinates
9808.0,missing_coordinates
9815.0,missing_coordinates
9819.0,missing_coordinates
9820.0,missing_coordinates
9830.0,missing_coordinates
9831.0,missing_coordinates
9833.0,missing_coordinates
9835.0,missing_coordinates
9845.0,missing_coordinates
9846.0,missing_coordinates
9847.0,missing_coordinates
9852.0,missing_coordinates
9853.0,missing_coordinates
9861.0,missing_coordinates
9865.0,missing_coordinates
9867.0,missing_coordinates
9900.0,missing_coordinates
9901.0,missing_coordinates
9902.0,missing_coordinates
9903.0,missing_coordinates
9904.0,missing_coordinates
9905.0,missing_coordinates
9906.0,missing_coordinates
9907.0,missing_coordinates
9908.0,missing_coordinates
9909.0,missing_coordinates
9910.0,missing_coordinates
9918.0,missing_coordinates
9919.0,missing_coordinates
9920.0,missing_coordinates
9921.0,missing_coordinates
9922.0,missing_coordinates
9923.0,missing_coordinates
9924.0,missing_coordinates
9935.0,missing_coordinates
9936.0,missing_coordinates
9937.0,missing_coordinates
9938.0,missing_coordinates
9939.0,missing_coordinates
9940.0,missing_coordinates
9941.0,missing_coordinates
9942.0,missing_coordinates
9943.0,missing_coordinates
9944.0,missing_coordinates
9945.0,missing_coordinates
9946.0,missing_coordinates
9947.0,missing_coordinates
9948.0,missing_coordinates
9949.0,missing_coordinates
9950.0,missing_coordinates
9951.0,missing_coordinates
9952.0,missing_coordinates
9953.0,missing_coordinates
9963.0,missing_coordinates
9966.0,missing_coordinates
9969.0,missing_coordinates
9980.0,missing_coordinates
9983.0,missing_coordinates
9986.0,missing_coordinates
9992.0,missing_coordinates
10001.0,missing_coordinates
10002.0,missing_coordinates
10007.0,missing_coordinates
10026.0,missing_coordinates
10041.0,missing_coordinates
10042.0,missing_coordinates
10048.0,missing_coordinates
10052.0,missing_coordinates
10053.0,missing_coordinates
10055.0,missing_coordinates
10057.0,missing_coordinates
10075.0,missing_coordinates
10091.0,missing_coordinates
10108.0,missing_coordinates
10119.0,missing_coordinates
10132.0,missing_coordinates
10140.0,missing_coordinates
10152.0,missing_coordinates
10153.0,missing_coordinates
10157.0,missing_coordinates
10176.0,missing_coordinates
10182.0,missing_coordinates
10189.0,missing_coordinates
10190.0,missing_coordinates
10195.0,missing_coordinates
10198.0,missing_coordinates
10203.0,missing_coordinates
10205.0,missing_coordinates
10209.0,missing_coordinates
10210.0,missing_coordinates
10215.0,missing_coordinates
10234.0,missing_coordinates
10235.0,missing_coordinates
10243.0,missing_coordinates
10246.0,missing_coordinates
10261.0,missing_coordinates
10263.0,missing_coordinates
10266.0,missing_coordinates
10281.0,missing_coordinates
10299.0,missing_coordinates
10325.0,missing_coordinates
10337.0,missing_coordinates
10340.0,missing_coordinates
10341.0,missing_coordinates
10342.0,missing_coordinates
10343.0,missing_coordinates
10344.0,missing_coordinates
10345.0,missing_coordinates
10346.0,missing_coordinates
10347.0,missing_coordinates
10348.0,missing_coordinates
10349.0,missing_coordinates
10350.0,missing_coordinates
10352.0,missing_coordinates
10353.0,missing_coordinates
10354.0,missing_coordinates
10358.0,missing_coordinates
10369.0,missing_coordinates
10376.0,missing_coordinates
10406.0,missing_coordinates
10423.0,missing_coordinates
10424.0,missing_coordinates
10429.0,missing_coordinates
10437.0,missing_coordinates
10438.0,missing_coordinates
10455.0,missing_coordinates
10493.0,missing_coordinates
10498.0,missing_coordinates
10503.0,missing_coordinates
10513.0,missing_coordinates
10516.0,missing_coordinates
10526.0,missing_coordinates
10531.0,missing_coordinates
10532.0,missing_coordinates
10539.0,missing_coordinates
10540.0,missing_coordinates
10541.0,missing_coordinates
10584.0,missing_coordinates
10589.0,missing_coordinates
10590.0,missing_coordinates
10595.0,missing_coordinates
10596.0,missing_coordinates
10598.0,missing_coordinates
10600.0,missing_coordinates
10611.0,missing_coordinates
10612.0,missing_coordinates
10625.0,missing_coordinates
10629.0,missing_coordinates
10635.0,missing_coordinates
10649.0,missing_coordinates
10650.0,missing_coordinates
10651.0,missing_coordinates
10652.0,missing_coordinates
10653.0,missing_coordinates
10654.0,missing_coordinates
10655.0,missing_coordinates
10668.0,missing_coordinates
10669.0,missing_coordinates
10670.0,missing_coordinates
10671.0,missing_coordinates
10678.0,missing_coordinates
10679.0,missing_coordinates
10695.0,missing_coordinates
10714.0,missing_coordinates
10716.0,missing_coordinates
10746.0,missing_coordinates
10752.0,missing_coordinates
10759.0,missing_coordinates
10762.0,missing_coordinates
10792.0,missing_coordinates
10811.0,missing_coordinates
10813.0,missing_coordinates
10817.0,missing_coordinates
10818.0,missing_coordinates
10821.0,missing_coordinates
10823.0,missing_coordinates
10824.0,missing_coordinates
10825.0,missing_coordinates
10826.0,missing_coordinates
10828.0,missing_coordinates
10831.0,missing_coordinates
10835.0,missing_coordinates
10836.0,missing_coordinates
10854.0,missing_coordinates
10855.0,missing_coordinates
10856.0,missing_coordinates
10857.0,missing_coordinates
10858.0,missing_coordinates
10859.0,missing_coordinates
10860.0,missing_coordinates
10861.0,missing_coordinates
10862.0,missing_coordinates
10863.0,missing_coordinates
10878.0,missing_coordinates
10879.0,missing_coordinates
10888.0,missing_coordinates
10898.0,missing_coordinates
10904.0,missing_coordinates
10927.0,missing_coordinates
10930.0,missing_coordinates
10934.0,missing_coordinates
10946.0,missing_coordinates
10950.0,missing_coordinates
10952.0,missing_coordinates
10953.0,missing_coordinates
10954.0,missing_coordinates
10958.0,missing_coordinates
10965.0,missing_coordinates
10969.0,missing_coordinates
10994.0,missing_coordinates
10995.0,missing_coordinates
11005.0,missing_coordinates
11018.0,missing_coordinates
11024.0,missing_coordinates
11026.0,missing_coordinates
11032.0,missing_coordinates
11036.0,missing_coordinates
11040.0,missing_coordinates
11052.0,missing_coordinates
11058.0,missing_coordinates
11059.0,missing_coordinates
11060.0,missing_coordinates
11062.0,missing_coordinates
11068.0,missing_coordinates
11070.0,missing_coordinates
11074.0,missing_coordinates
11075.0,missing_coordinates
11076.0,missing_coordinates
11099.0,missing_coordinates
11122.0,missing_coordinates
11128.0,missing_coordinates
11171.0,missing_coordinates
11178.0,missing_coordinates
11181.0,missing_coordinates
11184.0,missing_coordinates
11198.0,missing_coordinates
11201.0,missing_coordinates
11204.0,missing_coordinates
11205.0,missing_coordinates
11207.0,missing_coordinates
11208.0,missing_coordinates
11210.0,missing_coordinates
11214.0,missing_coordinates
11219.0,missing_coordinates
11220.0,missing_coordinates
11227.0,missing_coordinates
11232.0,missing_coordinates
11233.0,missing_coordinates
11237.0,missing_coordinates
11266.0,missing_coordinates
11268.0,missing_coordinates
11286.0,missing_coordinates
11290.0,missing_coordinates
11292.0,missing_coordinates
11293.0,missing_coordinates
11304.0,missing_coordinates
11305.0,missing_coordinates
11307.0,missing_coordinates
11308.0,missing_coordinates
11318.0,missing_coordinates
11327.0,missing_coordinates
11331.0,missing_coordinates
11336.0,missing_coordinates
11373.0,missing_coordinates
11395.0,missing_coordinates
11398.0,missing_coordinates
11410.0,missing_coordinates
11413.0,missing_coordinates
11426.0,missing_coordinates
11434.0,missing_coordinates
11443.0,missing_coordinates
11444.0,missing_coordinates
11445.0,missing_coordinates
11446.0,missing_coordinates
11453.0,missing_coordinates
11455.0,missing_coordinates
11456.0,missing_coordinates
11460.0,missing_coordinates
11464.0,missing_coordinates
11475.0,missing_coordinates
11478.0,missing_coordinates
11488.0,missing_coordinates
11492.0,missing_coordinates
11493.0,missing_coordinates
11496.0,missing_coordinates
11513.0,missing_coordinates
11517.0,missing_coordinates
11522.0,missing_coordinates
11525.0,missing_coordinates
11526.0,missing_coordinates
11540.0,missing_coordinates
11541.0,missing_coordinates
11546.0,missing_coordinates
11561.0,missing_coordinates
11562.0,missing_coordinates
11571.0,missing_coordinates
11572.0,missing_coordinates
11573.0,missing_coordinates
11586.0,missing_coordinates
11607.0,missing_coordinates
11612.0,missing_coordinates
11619.0,missing_coordinates
11625.0,missing_coordinates
11627.0,missing_coordinates
11645.0,missing_coordinates
11663.0,missing_coordinates
11664.0,missing_coordinates
11665.0,missing_coordinates
11666.0,missing_coordinates
11667.0,missing_coordinates
11669.0,missing_coordinates
11670.0,missing_coordinates
11671.0,missing_coordinates
11674.0,missing_coordinates
11675.0,missing_coordinates
11676.0,missing_coordinates
11677.0,missing_coordinates
11679.0,missing_coordinates
11680.0,missing_coordinates
11681.0,missing_coordinates
11682.0,missing_coordinates
11683.0,missing_coordinates
11684.0,missing_coordinates
11685.0,missing_coordinates
11686.0,missing_coordinates
11687.0,missing_coordinates
11688.0,missing_coordinates
11689.0,missing_coordinates
11690.0,missing_coordinates
11691.0,missing_coordinates
11692.0,missing_coordinates
11695.0,missing_coordinates
11696.0,missing_coordinates
11697.0,missing_coordinates
11698.0,missing_coordinates
11700.0,missing_coordinates
11701.0,missing_coordinates
11702.0,missing_coordinates
11703.0,missing_coordinates
11704.0,missing_coordinates
11705.0,missing_coordinates
11706.0,missing_coordinates
11707.0,missing_coordinates
11708.0,missing_coordinates
11709.0,missing_coordinates
11710.0,missing_coordinates
11711.0,missing_coordinates
11712.0,missing_coordinates
11713.0,missing_coordinates
11714.0,missing_coordinates
11715.0,missing_coordinates
11716.0,missing_coordinates
11717.0,missing_coordinates
11718.0,missing_coordinates
11719.0,missing_coordinates
11722.0,missing_coordinates
11723.0,missing_coordinates
11724.0,missing_coordinates
11728.0,missing_coordinates
11730.0,missing_coordinates
11741.0,missing_coordinates
11746.0,missing_coordinates
11747.0,missing_coordinates
11772.0,missing_coordinates
11817.0,missing_coordinates
11818.0,missing_coordinates
11831.0,missing_coordinates
11836.0,missing_coordinates
11847.0,missing_coordinates
11866.0,missing_coordinates
11868.0,missing_coordinates
11870.0,missing_coordinates
11872.0,missing_coordinates
11875.0,missing_coordinates
11880.0,missing_coordinates
,missing_coordinates
,missing_coordinates
,missing_coordinates
,missing_coordinates
,missing_coordinates
11889.0,missing_coordinates
11890.0,missing_coordinates
,missing_coordinates
11899.0,missing_coordinates
11900.0,missing_coordinates
11903.0,missing_coordinates
,missing_coordinates
11914.0,missing_coordinates
11919.0,missing_coordinates
11931.0,missing_coordinates
11980.0,missing_coordinates
11987.0,missing_coordinates
11988.0,missing_coordinates
11995.0,missing_coordinates
11996.0,missing_coordinates
11998.0,missing_coordinates
12002.0,missing_coordinates
12004.0,missing_coordinates
12011.0,missing_coordinates
12029.0,missing_coordinates
12033.0,missing_coordinates
12044.0,missing_coordinates
,missing_coordinates
,missing_coordinates
12074.0,missing_coordinates
12113.0,missing_coordinates
12219.0,missing_coordinates
12220.0,missing_coordinates
12227.0,missing_coordinates
12230.0,missing_coordinates
12242.0,missing_coordinates
12245.0,missing_coordinates
12246.0,missing_coordinates
12248.0,missing_coordinates
12249.0,missing_coordinates
12250.0,missing_coordinates
12253.0,missing_coordinates
12255.0,missing_coordinates
12257.0,missing_coordinates
12258.0,missing_coordinates
12267.0,missing_coordinates
12280.0,missing_coordinates
12285.0,missing_coordinates
,missing_coordinates
,missing_coordinates
,missing_coordinates
,missing_coordinates
,missing_coordinates
,missing_coordinates
,missing_coordinates
,missing_coordinates
,missing_coordinates
12397.0,missing_coordinates
12404.0,missing_coordinates
12418.0,missing_coordinates
12424.0,missing_coordinates
12442.0,missing_coordinates
12443.0,missing_coordinates
12444.0,missing_coordinates
12445.0,missing_coordinates
12447.0,missing_coordinates
12455.0,missing_coordinates
12466.0,missing_coordinates
,missing_coordinates
12485.0,missing_coordinates
12511.0,missing_coordinates
12515.0,missing_coordinates
12516.0,missing_coordinates
12527.0,missing_coordinates
12534.0,missing_coordinates
12556.0,missing_coordinates
12565.0,missing_coordinates
12585.0,missing_coordinates
12586.0,missing_coordinates
12592.0,missing_coordinates
12595.0,missing_coordinates
12597.0,missing_coordinates
12598.0,missing_coordinates
12609.0,missing_coordinates
12618.0,missing_coordinates
12620.0,missing_coordinates
12621.0,missing_coordinates
,missing_coordinates
,missing_coordinates
12684.0,missing_coordinates
12690.0,missing_coordinates
12707.0,missing_coordinates
12708.0,missing_coordinates
12724.0,missing_coordinates
12783.0,missing_coordinates
12785.0,missing_coordinates
,missing_coordinates
,missing_coordinates
,missing_coordinates
,missing_coordinates
12801.0,missing_coordinates
12802.0,missing_coordinates
12808.0,missing_coordinates
12813.0,missing_coordinates
12820.0,missing_coordinates
,missing_coordinates
,missing_coordinates
,missing_coordinates
,missing_coordinates
,missing_coordinates
,missing_coordinates
,missing_coordinates
12835.0,missing_coordinates
,missing_coordinates
,missing_coordinates
,missing_coordinates
,missing_coordinates
12855.0,missing_coordinates
12856.0,missing_coordinates
12871.0,missing_coordinates
,missing_coordinates
,missing_coordinates
,missing_coordinates
,missing_coordinates
,missing_coordinates
,missing_coordinates
,missing_coordinates
,missing_coordinates
,missing_coordinates
,missing_coordinates
12942.0,missing_coordinates
12945.0,missing_coordinates
12946.0,missing_coordinates
12953.0,missing_coordinates
12968.0,missing_coordinates
,missing_coordinates
13021.0,missing_coordinates
13023.0,missing_coordinates
13054.0,missing_coordinates
13056.0,missing_coordinates
,missing_coordinates
13106.0,missing_coordinates
13115.0,missing_coordinates
13116.0,missing_coordinates
13121.0,missing_coordinates
13123.0,missing_coordinates
,missing_coordinates
13226.0,missing_coordinates
,missing_coordinates
13240.0,missing_coordinates
,missing_coordinates
,missing_coordinates
13257.0,missing_coordinates
13260.0,missing_coordinates
13280.0,missing_coordinates
13291.0,missing_coordinates
13305.0,missing_coordinates
13306.0,missing_coordinates
13310.0,missing_coordinates
13311.0,missing_coordinates
13312.0,missing_coordinates
13317.0,missing_coordinates
13325.0,missing_coordinates
,missing_coordinates
,missing_coordinates
,missing_coordinates
13386.0,missing_coordinates
13394.0,missing_coordinates
13402.0,missing_coordinates
13415.0,missing_coordinates
13420.0,missing_coordinates
13424.0,missing_coordinates
13437.0,missing_coordinates
13440.0,missing_coordinates
13448.0,missing_coordinates
13454.0,missing_coordinates
13456.0,missing_coordinates
13457.0,missing_coordinates
13475.0,missing_coordinates
13497.0,missing_coordinates
13521.0,missing_coordinates
13526.0,missing_coordinates
13531.0,missing_coordinates
,missing_coordinates
13538.0,missing_coordinates
13546.0,missing_coordinates
,missing_coordinates
13611.0,missing_coordinates
13644.0,missing_coordinates
13657.0,missing_coordinates
13703.0,missing_coordinates
13721.0,missing_coordinates
,missing_coordinates
,missing_coordinates
,missing_coordinates
13742.0,missing_coordinates
13750.0,missing_coordinates
13759.0,missing_coordinates
13760.0,missing_coordinates
13762.0,missing_coordinates
13771.0,missing_coordinates
13776.0,missing_coordinates
13787.0,missing_coordinates
13796.0,missing_coordinates
13807.0,missing_coordinates
13814.0,missing_coordinates
13815.0,missing_coordinates
13816.0,missing_coordinates
13838.0,missing_coordinates
13840.0,missing_coordinates
13851.0,missing_coordinates
13868.0,missing_coordinates
13871.0,missing_coordinates
,missing_coordinates
,missing_coordinates
13892.0,missing_coordinates
13895.0,missing_coordinates
13896.0,missing_coordinates
13898.0,missing_coordinates
13900.0,missing_coordinates
13906.0,missing_coordinates
13920.0,missing_coordinates
13922.0,missing_coordinates
13929.0,missing_coordinates
13954.0,missing_coordinates
13955.0,missing_coordinates
13956.0,missing_coordinates
13961.0,missing_coordinates
13965.0,missing_coordinates
13966.0,missing_coordinates
13966.0,missing_coordinates
13967.0,missing_coordinates
13967.0,missing_coordinates
13968.0,missing_coordinates
13969.0,missing_coordinates
13994.0,missing_coordinates
13996.0,missing_coordinates
14007.0,missing_coordinates
14020.0,missing_coordinates
14036.0,missing_coordinates
14037.0,missing_coordinates
14055.0,missing_coordinates
14065.0,missing_coordinates
14071.0,missing_coordinates
14077.0,missing_coordinates
14088.0,missing_coordinates
,missing_coordinates
,missing_coordinates
,missing_coordinates
14121.0,missing_coordinates
14127.0,missing_coordinates
14131.0,missing_coordinates
14134.0,missing_coordinates
14142.0,missing_coordinates
14146.0,missing_coordinates
,missing_coordinates
14222.0,missing_coordinates
14233.0,missing_coordinates
14239.0,missing_coordinates
14259.0,missing_coordinates
14271.0,missing_coordinates
,missing_coordinates
14288.0,missing_coordinates
14291.0,missing_coordinates
14306.0,missing_coordinates
14319.0,missing_coordinates
14329.0,missing_coordinates
,missing_coordinates
14350.0,missing_coordinates
14376.0,missing_coordinates
14386.0,missing_coordinates
,missing_coordinates
14405.0,missing_coordinates
14407.0,missing_coordinates
14426.0,missing_coordinates
14439.0,missing_coordinates
14440.0,missing_coordinates
14450.0,missing_coordinates
14454.0,missing_coordinates
14522.0,missing_coordinates
14536.0,missing_coordinates
14546.0,missing_coordinates
,missing_coordinates
,missing_coordinates
14563.0,missing_coordinates
14565.0,missing_coordinates
14568.0,missing_coordinates
14569.0,missing_coordinates
14573.0,missing_coordinates
14576.0,missing_coordinates
14578.0,missing_coordinates
14579.0,missing_coordinates
14585.0,missing_coordinates
,missing_coordinates
14593.0,missing_coordinates
14599.0,missing_coordinates
14600.0,missing_coordinates
,missing_coordinates
,missing_coordinates
14626.0,missing_coordinates
14631.0,missing_coordinates
14655.0,missing_coordinates
14656.0,missing_coordinates
14666.0,missing_coordinates
14670.0,missing_coordinates
14673.0,missing_coordinates
14677.0,missing_coordinates
,missing_coordinates
14683.0,missing_coordinates
14694.0,missing_coordinates
14721.0,missing_coordinates
14726.0,missing_coordinates
14732.0,missing_coordinates
14749.0,missing_coordinates
14760.0,missing_coordinates
14780.0,missing_coordinates
14787.0,missing_coordinates
14788.0,missing_coordinates
14789.0,missing_coordinates
14807.0,missing_coordinates
14811.0,missing_coordinates
14829.0,missing_coordinates
14830.0,missing_coordinates
14831.0,missing_coordinates
14836.0,missing_coordinates
14843.0,missing_coordinates
14924.0,missing_coordinates
14927.0,missing_coordinates
14928.0,missing_coordinates
14929.0,missing_coordinates
,missing_coordinates
14946.0,missing_coordinates
14962.0,missing_coordinates
14980.0,missing_coordinates
14994.0,missing_coordinates
15011.0,missing_coordinates
,missing_coordinates
15055.0,missing_coordinates
15065.0,missing_coordinates
15072.0,missing_coordinates
15077.0,missing_coordinates
15082.0,missing_coordinates
15102.0,missing_coordinates
15117.0,missing_coordinates
15118.0,missing_coordinates
15120.0,missing_coordinates
15122.0,missing_coordinates
15123.0,missing_coordinates
,missing_coordinates
,missing_coordinates
15135.0,missing_coordinates
,missing_coordinates
15155.0,missing_coordinates
14177.0,missing_coordinates
15165.0,missing_coordinates
13086.0,missing_coordinates
13088.0,missing_coordinates
12978.0,missing_coordinates
10891.0,missing_coordinates
10902.0,missing_coordinates
10903.0,missing_coordinates
10916.0,missing_coordinates
10927.0,missing_coordinates
10928.0,missing_coordinates
10930.0,missing_coordinates
12990.0,missing_coordinates
12996.0,missing_coordinates
13003.0,missing_coordinates
13734.0,missing_coordinates
15219.0,missing_coordinates
15220.0,missing_coordinates
15221.0,missing_coordinates
15222.0,missing_coordinates
15223.0,missing_coordinates
3435.0,missing_coordinates
15224.0,missing_coordinates
15227.0,missing_coordinates
15230.0,missing_coordinates
15233.0,missing_coordinates
15236.0,missing_coordinates
15239.0,missing_coordinates
12599.0,missing_coordinates
12521.0,missing_coordinates
12597.0,missing_coordinates
15255.0,missing_coordinates
15257.0,missing_coordinates
12994.0,missing_coordinates
15258.0,missing_coordinates
15294.0,missing_coordinates
15296.0,missing_coordinates
15301.0,missing_coordinates
15305.0,missing_coordinates
15306.0,missing_coordinates
15309.0,missing_coordinates
15311.0,missing_coordinates
15316.0,missing_coordinates
15322.0,missing_coordinates
15323.0,missing_coordinates
15324.0,missing_coordinates
15325.0,missing_coordinates
15329.0,missing_coordinates
15336.0,missing_coordinates
15337.0,missing_coordinates
15338.0,missing_coordinates
15340.0,missing_coordinates
15342.0,missing_coordinates
15347.0,missing_coordinates
,missing_coordinates
10942.0,missing_coordinates
10940.0,missing_coordinates
15350.0,missing_coordinates
10953.0,missing_coordinates
15378.0,missing_coordinates
13281.0,missing_coordinates
15385.0,missing_coordinates
15387.0,missing_coordinates
15388.0,missing_coordinates
15391.0,missing_coordinates
15392.0,missing_coordinates
15393.0,missing_coordinates
15395.0,missing_coordinates
15396.0,missing_coordinates
15397.0,missing_coordinates
15399.0,missing_coordinates
15410.0,missing_coordinates
11977.0,missing_coordinates
15397.0,missing_coordinates
15401.0,missing_coordinates
15419.0,missing_coordinates
15423.0,missing_coordinates
15427.0,missing_coordinates
1772.0,missing_coordinates
15445.0,missing_coordinates
1723.0,missing_coordinates
,missing_coordinates
15458.0,missing_coordinates
,missing_coordinates
15468.0,missing_coordinates
15469.0,missing_coordinates
15477.0,missing_coordinates
,missing_coordinates
15522.0,missing_coordinates
15526.0,missing_coordinates
15533.0,missing_coordinates
15540.0,missing_coordinates
15544.0,missing_coordinates
,missing_coordinates
15546.0,missing_coordinates
,missing_coordinates
15558.0,missing_coordinates
4236.0,missing_coordinates
,missing_coordinates
15567.0,missing_coordinates
1898.0,missing_coordinates
15582.0,missing_coordinates
1790.0,missing_coordinates
15587.0,missing_coordinates
2082.0,missing_coordinates
2081.0,missing_coordinates
15591.0,missing_coordinates
2151.0,missing_coordinates
15599.0,missing_coordinates
12669.0,missing_coordinates
6322.0,missing_coordinates
6714.0,missing_coordinates
9183.0,missing_coordinates
7354.0,missing_coordinates
7723.0,missing_coordinates
15626.0,missing_coordinates
,missing_coordinates
7724.0,missing_coordinates
12831.0,missing_coordinates
12838.0,missing_coordinates
15643.0,missing_coordinates
15650.0,missing_coordinates
12848.0,missing_coordinates
9078.0,missing_coordinates
9079.0,missing_coordinates
12781.0,missing_coordinates
15694.0,missing_coordinates
15699.0,missing_coordinates
15700.0,missing_coordinates
15701.0,missing_coordinates
15704.0,missing_coordinates
12981.0,missing_coordinates
15720.0,missing_coordinates
15721.0,missing_coordinates
15735.0,missing_coordinates
15742.0,missing_coordinates
15755.0,missing_coordinates
15761.0,missing_coordinates
15765.0,missing_coordinates
15768.0,missing_coordinates
15771.0,missing_coordinates
15772.0,missing_coordinates
15775.0,missing_coordinates
15778.0,missing_coordinates
15782.0,missing_coordinates
15783.0,missing_coordinates
15785.0,missing_coordinates
15788.0,missing_coordinates
15792.0,missing_coordinates
15794.0,missing_coordinates
15795.0,missing_coordinates
15800.0,missing_coordinates
15801.0,missing_coordinates
11954.0,missing_coordinates
15213.0,missing_coordinates
15217.0,missing_coordinates
15225.0,missing_coordinates
15807.0,missing_coordinates
15709.0,missing_coordinates
15811.0,missing_coordinates
15813.0,missing_coordinates
15815.0,missing_coordinates
15816.0,missing_coordinates
7149.0,missing_coordinates
15822.0,missing_coordinates
15823.0,missing_coordinates
15824.0,missing_coordinates
9190.0,missing_coordinates
15837.0,missing_coordinates
15838.0,missing_coordinates
15846.0,missing_coordinates
15847.0,missing_coordinates
15848.0,missing_coordinates
15850.0,missing_coordinates
,missing_coordinates
15856.0,missing_coordinates
15860.0,missing_coordinates
15880.0,missing_coordinates
15883.0,missing_coordinates
15884.0,missing_coordinates
15886.0,missing_coordinates
15903.0,missing_coordinates
,missing_coordinates
10879.0,missing_coordinates
10883.0,missing_coordinates
7716.0,missing_coordinates
15871.0,missing_coordinates
15877.0,missing_coordinates
15894.0,missing_coordinates
15895.0,missing_coordinates
15898.0,missing_coordinates
15900.0,missing_coordinates
11659.0,missing_coordinates
15905.0,missing_coordinates
15928.0,missing_coordinates
15929.0,missing_coordinates
15932.0,missing_coordinates
15935.0,missing_coordinates
15942.0,missing_coordinates
15943.0,missing_coordinates
13707.0,missing_coordinates
15957.0,missing_coordinates
15959.0,missing_coordinates
15961.0,missing_coordinates
15978.0,missing_coordinates
15983.0,missing_coordinates
15996.0,missing_coordinates
15997.0,missing_coordinates
11678.0,missing_coordinates
16023.0,missing_coordinates
16024.0,missing_coordinates
16025.0,missing_coordinates
16026.0,missing_coordinates
16030.0,missing_coordinates
16031.0,missing_coordinates
16035.0,missing_coordinates
16038.0,missing_coordinates
16039.0,missing_coordinates
16040.0,missing_coordinates
13083.0,missing_coordinates
16041.0,missing_coordinates
16047.0,missing_coordinates
16048.0,missing_coordinates
11893.0,missing_coordinates
16061.0,missing_coordinates
16062.0,missing_coordinates
16064.0,missing_coordinates
16068.0,missing_coordinates
16075.0,missing_coordinates
16080.0,missing_coordinates
16081.0,missing_coordinates
16082.0,missing_coordinates
16085.0,missing_coordinates
16089.0,missing_coordinates
16094.0,missing_coordinates
6570.0,missing_coordinates
6574.0,missing_coordinates
16095.0,missing_coordinates
16096.0,missing_coordinates
16100.0,missing_coordinates
16105.0,missing_coordinates
16112.0,missing_coordinates
16114.0,missing_coordinates
16120.0,missing_coordinates
16124.0,missing_coordinates
16130.0,missing_coordinates
16132.0,missing_coordinates
16135.0,missing_coordinates
16137.0,missing_coordinates
16139.0,missing_coordinates
16151.0,missing_coordinates
16155.0,missing_coordinates
16156.0,missing_coordinates
16160.0,missing_coordinates
